framenr,timecode,total_num_of_tracked_features,total_total_horizontal_velocity,total_total_vertical_velocity,total_length_sum_vvec,total_length_sum_avec,grosshead_num_of_tracked_features,grosshead_total_horizontal_velocity,grosshead_total_vertical_velocity,grosshead_length_sum_vvec,grosshead_length_sum_avec,grosslefthand_num_of_tracked_features,grosslefthand_total_horizontal_velocity,grosslefthand_total_vertical_velocity,grosslefthand_length_sum_vvec,grosslefthand_length_sum_avec,grossrighthand_num_of_tracked_features,grossrighthand_total_horizontal_velocity,grossrighthand_total_vertical_velocity,grossrighthand_length_sum_vvec,grossrighthand_length_sum_avec,nethead_num_of_tracked_features,nethead_total_horizontal_velocity,nethead_total_vertical_velocity,nethead_length_sum_vvec,nethead_length_sum_avec,netlefthand_num_of_tracked_features,netlefthand_total_horizontal_velocity,netlefthand_total_vertical_velocity,netlefthand_length_sum_vvec,netlefthand_length_sum_avec,netrighthand_num_of_tracked_features,netrighthand_total_horizontal_velocity,netrighthand_total_vertical_velocity,netrighthand_length_sum_vvec,netrighthand_length_sum_avec,overlapping_left_hand_head,overlapping_right_hand_head,overlapping_left_right_hand,head_x_velocity,head_y_velocity,head_velocity_magnitude,lefthand_x_velocity,lefthand_y_velocity,lefthand_velocity_magnitude,righthand_x_velocity,righthand_y_velocity,righthand_velocity_magnitude,orientation_head_theta,orientation_head_omega,orientation_lefthand_theta,orientation_lefthand_omega,orientation_righthand_theta,orientation_righthand_omega,lefthand_x_position,lefthand_y_position,righthand_x_position,righthand_y_position,nose_x_position,nose_y_position,lefthand_x_position_hum,lefthand_y_position_hum,righthand_x_position_hum,righthand_y_position_hum,nose_x_position_hum,nose_y_position_hum,lefthand_x_position_hand,lefthand_y_position_hand,righthand_x_position_hand,righthand_y_position_hand,handcenter_x_position_hum,handcenter_y_position_hum,leftshoulder_x_position,leftshoulder_y_position,rightshoulder_x_position,rightshoulder_y_position,neck_x_position,neck_y_position
0,0,205,0,0,0,0,205,0,0,0,0,205,0,0,0,0,205,0,0,0,0,0,0,0,0,0,0,0,0,0,0,0,0,0,0,0,0,0,1,2.0252521191444259,-0.67344333495113773,2.134284908696376,0,0,0,0,0,0,2.6014730091215807,-0.045349577892269455,0,0,0,0,0,0,0,0,-1,-1,-1.3694029850746268,-0.86194029850746268,-1.3694029850746268,-0.86194029850746268,-1.3731343283582089,-0.86567164179104472,0,0,0,0,-1.3694029850746268,-0.86194029850746268,238,275,506,274,367,231
1,40,249,6.5943756103515625,6.1152248382568359,8.9934289630169921,12.724683093227883,249,6.5943756103515625,6.1152248382568359,8.9934289630169921,12.724683093227883,249,6.5943756103515625,6.1152248382568359,8.9934289630169921,12.724683093227883,249,6.5943756103515625,6.1152248382568359,8.9934289630169921,12.724683093227883,0,0,0,0,0,0,0,0,0,0,0,0,0,0,0,0,0,1,10.806435752957185,26.346186463562667,28.476316384947054,0,0,0,0,0,0,2.5107738533370418,-0.48785070817281173,0,0,0,0,0,0,0,0,-1,-1,-1.3694029850746268,-0.86194029850746268,-1.3694029850746268,-0.86194029850746268,-1.3731343283582089,-0.86567164179104472,0,0,0,0,-1.3694029850746268,-0.86194029850746268,238,275,506,274,367,231
2,80,274,3.7429046630859375,-4.9260730743408203,6.1867221733884312,11.222497749303196,274,3.7429046630859375,-4.9260730743408203,6.1867221733884312,11.222497749303196,0,0,0,0,0,0,0,0,0,0,274,3.7429046630859375,-4.9260730743408203,6.1867221733884312,11.222497749303196,0,0,0,0,0,0,0,0,0,0,0,0,1,-1.4953228487000274,1.1604093590945297,1.8927599695995638,0,0,0,0,0,0,1.6257715927759573,0.048293137368903949,0,0,0,0,0,0,0,0,-1,-1,-1.3694029850746268,-0.86194029850746268,-1.3694029850746268,-0.86194029850746268,-1.3731343283582089,-0.86567164179104472,0,0,0,0,-1.3694029850746268,-0.86194029850746268,238,275,506,274,367,231
3,120,296,2.494140625,-10.59410285949707,10.883738000102694,2.6124781187366897,296,2.494140625,-10.59410285949707,10.883738000102694,2.6124781187366897,27,0,0,0,0,27,0,0,0,0,269,2.494140625,-10.59410285949707,10.883738000102694,2.6124781187366897,0,0,0,0,0,0,0,0,0,0,0,0,1,-10.617702216262416,-25.339336782034607,27.473943817853961,0,0,0,0,0,0,2.6073601280748497,0.49882559350096212,0,0,0,0,0,0,0,0,-1,-1,-1.3694029850746268,-0.86194029850746268,-1.3694029850746268,-0.86194029850746268,-1.3731343283582089,-0.86567164179104472,0,0,0,0,-1.3694029850746268,-0.86194029850746268,238,275,506,274,367,231
4,160,305,1.528839111328125,-6.6939640045166016,6.866331125287398,10.32309369458036,305,1.528839111328125,-6.6939640045166016,6.866331125287398,10.32309369458036,39,0.2603912353515625,-0.58711051940917969,0.64226346420205904,1.3827746401772441,39,0.2603912353515625,-0.58711051940917969,0.64226346420205904,1.3827746401772441,266,1.2684478759765625,-6.1068534851074219,6.2371964457308957,8.9505266423799092,0,0,0,0,0,0,0,0,0,0,0,0,1,0.78839662926154119,0.69998640679796154,1.054300817951348,0,0,0,0,0,0,2.6234227797778815,-0.049967808863330188,0,0,0,0,0,0,0,0,-1,-1,-1.3694029850746268,-0.86194029850746268,-1.3694029850746268,-0.86194029850746268,-1.3731343283582089,-0.86567164179104472,0,0,0,0,-1.3694029850746268,-0.86194029850746268,238,275,506,274,367,231
5,200,314,2.2934112548828125,-2.11907958984375,3.1225363876367416,7.1110052024575792,314,2.2934112548828125,-2.11907958984375,3.1225363876367416,7.1110052024575792,52,0.2667083740234375,-0.21085357666015625,0.33998909918496834,0.99151790028155973,52,0.2667083740234375,-0.21085357666015625,0.33998909918496834,0.99151790028155973,262,2.026702880859375,-1.9082260131835938,2.7836758224826115,6.2237722018207506,0,0,0,0,0,0,0,0,0,0,0,0,1,-0.3803814817748048,1.8681234009475745,1.9064561659910064,0,0,0,0,0,0,2.5074245103481894,0.0042739240092430908,0,0,0,0,0,0,0,0,-1,-1,-1.3694029850746268,-0.86194029850746268,-1.3694029850746268,-0.86194029850746268,-1.3731343283582089,-0.86567164179104472,0,0,0,0,-1.3694029850746268,-0.86194029850746268,238,275,506,274,367,231
6,240,324,0.4611053466796875,-1.0941143035888672,1.1873096689803999,11.592837639204312,324,0.4611053466796875,-1.0941143035888672,1.1873096689803999,11.592837639204312,62,-0.3363800048828125,-0.033233642578125,0.33801772539908542,3.0205528260625316,62,-0.3363800048828125,-0.033233642578125,0.33801772539908542,3.0205528260625316,262,0.7974853515625,-1.0608806610107422,1.3271965426655365,8.6863328640787216,0,0,0,0,0,0,0,0,0,0,0,0,1,-2.2299231822503316,-0.56655256356428652,2.3007692639677519,0,0,0,0,0,0,2.6319706277963677,0.055270910911149773,0,0,0,0,0,0,0,0,-1,-1,-1.3694029850746268,-0.86194029850746268,-1.3694029850746268,-0.86194029850746268,-1.3731343283582089,-0.86567164179104472,0,0,0,0,-1.3694029850746268,-0.86194029850746268,238,275,506,274,367,231
7,280,331,-1.3471221923828125,0.22246551513671875,1.3653677550884673,8.8444226474856222,331,-1.3471221923828125,0.22246551513671875,1.3653677550884673,8.8444226474856222,69,-0.4704742431640625,0.20761680603027344,0.51424775315698712,3.6558057946502895,69,-0.4704742431640625,0.20761680603027344,0.51424775315698712,3.6558057946502895,262,-0.87664794921875,0.014848709106445312,0.87677369430860996,5.4247499317735057,0,0,0,0,0,0,0,0,0,0,0,0,1,0.7766331474004744,-1.5540702321774447,1.7373236118182542,0,0,0,0,0,0,2.6179663321704889,-0.014712256189402195,0,0,0,0,0,0,0,0,-1,-1,-1.3694029850746268,-0.86194029850746268,-1.3694029850746268,-0.86194029850746268,-1.3731343283582089,-0.86567164179104472,0,0,0,0,-1.3694029850746268,-0.86194029850746268,238,275,506,274,367,231
8,320,348,-0.8376922607421875,-1.9609603881835938,2.1323916074990792,9.6431659409719526,348,-0.8376922607421875,-1.9609603881835938,2.1323916074990792,9.6431659409719526,86,-0.0396270751953125,-0.067556381225585938,0.078320940576780948,3.3099199906966281,86,-0.0396270751953125,-0.067556381225585938,0.078320940576780948,3.3099199906966281,262,-0.798065185546875,-1.8934040069580078,2.0547230406910337,7.183964554067872,0,0,0,0,0,0,0,0,0,0,0,0,1,0.32119006076072765,-0.61800678855163937,0.69648793659861086,0,0,0,0,0,0,2.6025461154175633,0.00069962809748513877,0,0,0,0,0,0,0,0,-1,-1,-1.3694029850746268,-0.86194029850746268,-1.3694029850746268,-0.86194029850746268,-1.3731343283582089,-0.86567164179104472,0,0,0,0,-1.3694029850746268,-0.86194029850746268,238,275,506,274,367,231
9,360,354,1.3278656005859375,-0.55927658081054688,1.4408391121366011,14.955178697329654,354,1.3278656005859375,-0.55927658081054688,1.4408391121366011,14.955178697329654,92,0.0029754638671875,0.17614364624023438,0.17616877559894026,3.6270822479395295,92,0.0029754638671875,0.17614364624023438,0.17616877559894026,3.6270822479395295,262,1.32489013671875,-0.73542022705078125,1.515314087814817,11.91066510875293,0,0,0,0,0,0,0,0,0,0,0,0,1,-0.81986215963721065,0.41930864305408022,0.92086573339702738,0,0,0,0,0,0,2.6193655883654592,0.013659448726770274,0,0,0,0,0,0,0,0,-1,-1,-1.3694029850746268,-0.86194029850746268,-1.3694029850746268,-0.86194029850746268,-1.3731343283582089,-0.86567164179104472,0,0,0,0,-1.3694029850746268,-0.86194029850746268,238,275,506,274,367,231
10,400,365,7.7579345703125,6.4934329986572266,10.116828599185634,6.5172054974740288,365,7.7579345703125,6.4934329986572266,10.116828599185634,6.5172054974740288,103,1.8377532958984375,1.4204940795898438,2.3227441974387468,2.2492603878382269,103,1.8377532958984375,1.4204940795898438,2.3227441974387468,2.2492603878382269,262,5.9201812744140625,5.0729389190673828,7.796361689821186,4.2751594708019267,0,0,0,0,0,0,0,0,0,0,0,0,1,0.737502380834826,-0.26018199750706117,0.78205142641887759,0,0,0,0,0,0,2.6298650128711039,-0.015003968874742313,0,0,0,0,0,0,0,0,-1,-1,-1.3694029850746268,-0.86194029850746268,-1.3694029850746268,-0.86194029850746268,-1.3731343283582089,-0.86567164179104472,0,0,0,0,-1.3694029850746268,-0.86194029850746268,238,275,506,274,367,231
11,440,373,11.744873046875,5.7799015045166016,13.090046000267689,11.798782547615021,373,11.744873046875,5.7799015045166016,13.090046000267689,11.798782547615021,111,3.3763275146484375,1.3946704864501953,3.6530389064376689,4.0956584225799606,111,3.3763275146484375,1.3946704864501953,3.6530389064376689,4.0956584225799606,262,8.3685455322265625,4.3852310180664062,9.4478995235322483,7.7031277674443688,0,0,0,0,0,0,0,0,0,0,0,0,1,0.86104178890860794,0.64174052879216958,1.073882613948745,0,0,0,0,0,0,2.5893576506159746,-0.03023682634671121,0,0,0,0,0,0,0,0,-1,-1,-1.3694029850746268,-0.86194029850746268,-1.3694029850746268,-0.86194029850746268,-1.3731343283582089,-0.86567164179104472,0,0,0,0,-1.3694029850746268,-0.86194029850746268,238,275,506,274,367,231
12,480,375,25.739044189453125,6.8827877044677734,26.64340748424258,22.247348690955054,375,25.739044189453125,6.8827877044677734,26.64340748424258,22.247348690955054,115,8.0664215087890625,1.7285022735595703,8.2495379305240739,7.0173962573924902,115,8.0664215087890625,1.7285022735595703,8.2495379305240739,7.0173962573924902,260,17.672622680664062,5.1542854309082031,18.408917695410405,15.258648211571062,0,0,0,0,0,0,0,0,0,0,0,0,1,0.071922738729483626,0.66767359978176444,0.67153623594850731,0,0,0,0,0,0,2.5693913601776814,1.7632989456339843e-05,0,0,0,0,0,0,0,0,-1,-1,-1.3694029850746268,-0.86194029850746268,-1.3694029850746268,-0.86194029850746268,-1.3731343283582089,-0.86567164179104472,0,0,0,0,-1.3694029850746268,-0.86194029850746268,238,275,506,274,367,231
13,520,382,23.767486572265625,7.4588127136230469,24.910385485972142,26.583192706275266,382,23.767486572265625,7.4588127136230469,24.910385485972142,26.583192706275266,122,7.4577789306640625,2.7011165618896484,7.9318659380735479,8.6169777033627124,122,7.4577789306640625,2.7011165618896484,7.9318659380735479,8.6169777033627124,260,16.309707641601562,4.7576961517333984,16.989474271640521,18.044103878907212,0,0,0,0,0,0,0,0,0,0,0,0,1,-0.010711030712627689,-0.42848229915961156,0.42861615330273506,0,0,0,0,0,0,2.5893929165948872,0.012931631822535872,0,0,0,0,0,0,0,0,-1,-1,-1.3694029850746268,-0.86194029850746268,-1.3694029850746268,-0.86194029850746268,-1.3731343283582089,-0.86567164179104472,0,0,0,0,-1.3694029850746268,-0.86194029850746268,238,275,506,274,367,231
14,560,387,12.714126586914062,1.3189773559570312,12.782359568311417,2.4572034714549962,387,12.714126586914062,1.3189773559570312,12.782359568311417,2.4572034714549962,127,3.7718963623046875,0.84099006652832031,3.8645137417230959,1.2411749399228391,127,3.7718963623046875,0.84099006652832031,3.8645137417230959,1.2411749399228391,260,8.942230224609375,0.47798728942871094,8.9549959932304173,1.515235982760299,0,0,0,0,0,0,0,0,0,0,0,0,1,-1.9558121703572908,-0.48936356099591904,2.0161046452375193,0,0,0,0,0,0,2.5952546238227532,0.018168301076097793,0,0,0,0,0,0,0,0,-1,-1,-1.3694029850746268,-0.86194029850746268,-1.3694029850746268,-0.86194029850746268,-1.3731343283582089,-0.86567164179104472,0,0,0,0,-1.3694029850746268,-0.86194029850746268,238,275,506,274,367,231
15,600,390,9.29095458984375,-1.6488304138183594,9.43612626685713,9.7892856717815651,390,9.29095458984375,-1.6488304138183594,9.43612626685713,9.7892856717815651,130,3.6619110107421875,-0.18191146850585938,3.666426602697622,1.2164468947206792,130,3.6619110107421875,-0.18191146850585938,3.666426602697622,1.2164468947206792,260,5.6290435791015625,-1.4669189453125,5.8170424450524054,8.7233148818300705,0,0,0,0,0,0,0,0,0,0,0,0,1,1.010678867405403,-0.16358595595677627,1.0238320848684908,0,0,0,0,0,0,2.6257295187470828,-0.035631728107121896,0,0,0,0,0,0,0,0,-1,-1,-1.3694029850746268,-0.86194029850746268,-1.3694029850746268,-0.86194029850746268,-1.3731343283582089,-0.86567164179104472,0,0,0,0,-1.3694029850746268,-0.86194029850746268,238,275,506,274,367,231
16,640,389,1.340850830078125,-31.070489883422852,31.099408716957996,55.468607760968666,389,1.340850830078125,-31.070489883422852,31.099408716957996,55.468607760968666,129,1.574676513671875,-10.058822631835938,10.181331880527452,19.270193221323051,129,1.574676513671875,-10.058822631835938,10.181331880527452,19.270193221323051,260,-0.23382568359375,-21.011667251586914,21.012968261093388,36.232186564513256,0,0,0,0,0,0,0,0,0,0,0,0,1,0.80806764292978528,1.8254645986476703,1.9963201938732171,0,0,0,0,0,0,2.5239911676085094,-0.008096372506273708,0,0,0,0,0,0,0,0,-1,-1,-1.3694029850746268,-0.86194029850746268,-1.3694029850746268,-0.86194029850746268,-1.3731343283582089,-0.86567164179104472,0,0,0,0,-1.3694029850746268,-0.86194029850746268,238,275,506,274,367,231
17,680,386,-5.371246337890625,-90.653945922851562,90.812929688484331,65.07981741199778,386,-5.371246337890625,-90.653945922851562,90.812929688484331,65.07981741199778,128,-0.6524658203125,-29.622268676757812,29.62945347462054,21.190599840045774,128,-0.6524658203125,-29.622268676757812,29.62945347462054,21.190599840045774,258,-4.718780517578125,-61.031661987304688,61.213810978452294,43.931548934321775,0,0,0,0,0,0,0,0,0,0,0,0,1,-0.56010753352057918,-3.1814854897338947,3.2304133435976619,0,0,0,0,0,0,2.6095367737345354,0.018888999435920484,0,0,0,0,0,0,0,0,-1,-1,-1.3694029850746268,-0.86194029850746268,-1.3694029850746268,-0.86194029850746268,-1.3731343283582089,-0.86567164179104472,0,0,0,0,-1.3694029850746268,-0.86194029850746268,238,275,506,274,367,231
18,720,381,8.2881317138671875,-131.5330810546875,131.79394727773123,36.135356645494916,381,8.2881317138671875,-131.5330810546875,131.79394727773123,36.135356645494916,125,4.2942962646484375,-44.702835083007812,44.908623279579253,13.581772954587169,125,4.2942962646484375,-44.702835083007812,44.908623279579253,13.581772954587169,256,3.99383544921875,-86.830238342285156,86.922039852809959,23.037088896574581,0,0,0,0,0,0,0,0,0,0,0,0,1,11.435921556610339,24.302371591031921,26.858621833547982,0,0,0,0,0,0,2.5617691664803504,-0.48358958415710529,0,0,0,0,0,0,0,0,-1,-1,-1.3694029850746268,-0.86194029850746268,-1.3694029850746268,-0.86194029850746268,-1.3731343283582089,-0.86567164179104472,0,0,0,0,-1.3694029850746268,-0.86194029850746268,238,275,506,274,367,231
19,760,384,54.323287963867188,-117.25688934326172,129.22924480806643,70.30051845594565,384,54.323287963867188,-117.25688934326172,129.22924480806643,70.30051845594565,0,0,0,0,0,0,0,0,0,0,384,54.323287963867188,-117.25688934326172,129.22924480806643,70.30051845594565,0,0,0,0,0,0,0,0,0,0,0,0,1,0.34362922783412841,2.3049701679649104,2.3304438464442923,0,0,0,0,0,0,1.6423576054203248,-0.035129984615405174,0,0,0,0,0,0,0,0,-1,-1,-1.3694029850746268,-0.86194029850746268,-1.3694029850746268,-0.86194029850746268,-1.3731343283582089,-0.86567164179104472,0,0,0,0,-1.3694029850746268,-0.86194029850746268,238,275,506,274,367,231
20,800,397,100.83976745605469,-54.210922241210938,114.48791547946799,104.68976372490474,397,100.83976745605469,-54.210922241210938,114.48791547946799,104.68976372490474,19,0,0,0,0,19,0,0,0,0,378,100.83976745605469,-54.210922241210938,114.48791547946799,104.68976372490474,0,0,0,0,0,0,0,0,0,0,0,0,1,0.45495435211034874,-0.58285698141288833,0.7393955120812481,0,0,0,0,0,0,2.49150919724954,-0.019216269574983014,0,0,0,0,0,0,0,0,-1,-1,-1.3694029850746268,-0.86194029850746268,-1.3694029850746268,-0.86194029850746268,-1.3731343283582089,-0.86567164179104472,0,0,0,0,-1.3694029850746268,-0.86194029850746268,238,275,506,274,367,231
21,840,393,133.87556457519531,26.647571563720703,136.50186760836243,72.257885908488035,393,133.87556457519531,26.647571563720703,136.50186760836243,72.257885908488035,0,0,0,0,0,0,0,0,0,0,393,133.87556457519531,26.647571563720703,136.50186760836243,72.257885908488035,0,0,0,0,0,0,0,0,0,0,0,0,1,1.5184708876933826,-0.49277511825293629,1.5964276225189555,0,0,0,0,0,0,1.6039250662703588,-0.019080182422610115,0,0,0,0,0,0,0,0,-1,-1,-1.3694029850746268,-0.86194029850746268,-1.3694029850746268,-0.86194029850746268,-1.3731343283582089,-0.86567164179104472,0,0,0,0,-1.3694029850746268,-0.86194029850746268,238,275,506,274,367,231
22,880,395,144.08731079101562,86.18133544921875,167.89394185257996,53.922126449851163,395,144.08731079101562,86.18133544921875,167.89394185257996,53.922126449851163,11,0,0,0,0,11,0,0,0,0,384,144.08731079101562,86.18133544921875,167.89394185257996,53.922126449851163,0,0,0,0,0,0,0,0,0,0,0,0,1,0.71418947078089445,0.75445179212756841,1.0388763674368542,0,0,0,0,0,0,2.4533488324043198,0.0061731207748708661,0,0,0,0,0,0,0,0,-1,-1,-1.3694029850746268,-0.86194029850746268,-1.3694029850746268,-0.86194029850746268,-1.3731343283582089,-0.86567164179104472,0,0,0,0,-1.3694029850746268,-0.86194029850746268,238,275,506,274,367,231
23,920,389,144.44020080566406,153.41033935546875,210.7076264161804,76.084348603327527,389,144.44020080566406,153.41033935546875,210.7076264161804,76.084348603327527,0,0,0,0,0,0,0,0,0,0,389,144.44020080566406,153.41033935546875,210.7076264161804,76.084348603327527,0,0,0,0,0,0,0,0,0,0,0,0,1,-3.833786472762597,-0.77901269549351326,3.9121323467487068,0,0,0,0,0,0,1.6162713078201005,0.077782745048739832,0,0,0,0,0,0,0,0,-1,-1,-1.3694029850746268,-0.86194029850746268,-1.3694029850746268,-0.86194029850746268,-1.3731343283582089,-0.86567164179104472,0,0,0,0,-1.3694029850746268,-0.86194029850746268,238,275,506,274,367,231
24,960,387,138.73736572265625,208.98500061035156,250.84414908020221,45.789902657449254,387,138.73736572265625,208.98500061035156,250.84414908020221,45.789902657449254,5,0,0,0,0,5,0,0,0,0,382,138.73736572265625,208.98500061035156,250.84414908020221,45.789902657449254,0,0,0,0,0,0,0,0,0,0,0,0,1,-1.3637013737654229,0.81284105565462994,1.5875742560798329,0,0,0,0,0,0,2.6089143225017994,-0.0087648980872858662,0,0,0,0,0,0,0,0,-1,-1,-1.3694029850746268,-0.86194029850746268,-1.3694029850746268,-0.86194029850746268,-1.3731343283582089,-0.86567164179104472,0,0,0,0,-1.3694029850746268,-0.86194029850746268,238,275,506,274,367,231
25,1000,384,133.7191162109375,219.76943969726562,257.25358824530372,26.375833122356067,384,133.7191162109375,219.76943969726562,257.25358824530372,26.375833122356067,0,0,0,0,0,0,0,0,0,0,384,133.7191162109375,219.76943969726562,257.25358824530372,26.375833122356067,0,0,0,0,0,0,0,0,0,0,0,0,1,11.919693387195935,26.313961641070875,28.887777133114827,0,0,0,0,0,0,1.5987415116455288,-0.50191333798320426,0,0,0,0,0,0,0,0,-1,-1,-1.3694029850746268,-0.86194029850746268,-1.3694029850746268,-0.86194029850746268,-1.3731343283582089,-0.86567164179104472,0,0,0,0,-1.3694029850746268,-0.86194029850746268,238,275,506,274,367,231
26,1040,437,129.86222839355469,180.55503845214844,222.40575593674856,57.132627701765706,391,129.86222839355469,180.55503845214844,222.40575593674856,57.132627701765706,46,0,0,0,0,46,0,0,0,0,391,129.86222839355469,180.55503845214844,222.40575593674856,57.132627701765706,0,0,0,0,0,0,0,0,0,0,0,0,1,0.88588566581034911,-1.5682703552196955,1.8011844214152961,0,0,0,0,0,0,1.6050876465353909,0.0090706228925262478,0,0,0,0,0,0,0,0,-1,-1,-1.3694029850746268,-0.86194029850746268,-1.3694029850746268,-0.86194029850746268,-1.3731343283582089,-0.86567164179104472,0,0,0,0,-1.3694029850746268,-0.86194029850746268,238,275,506,274,367,231
27,1080,440,208.52558898925781,48.737659454345703,214.14546624293649,369.77548256412541,394,121.88992309570312,89.855545043945312,151.43042074636426,129.16890634283686,46,86.635665893554688,-41.117889404296875,95.897963658691026,241.16618975261224,46,86.635665893554688,-41.117889404296875,95.897963658691026,241.16618975261224,394,121.88992309570312,89.855545043945312,151.43042074636426,129.16890634283686,0,0,0,0,0,0,0,0,0,0,0,0,1,-0.092067006278881536,0.39504548575369824,0.40563193841157408,0,0,0,0,0,0,1.6168827574305813,-0.008916248812670946,0,0,0,0,0,0,0,0,-1,-1,-1.3694029850746268,-0.86194029850746268,-1.3694029850746268,-0.86194029850746268,-1.3731343283582089,-0.86567164179104472,0,0,0,0,-1.3694029850746268,-0.86194029850746268,238,275,506,274,367,231
28,1120,449,87.506423950195312,-80.325775146484375,118.78385574409884,214.67829455157005,403,87.52197265625,-73.291458129882812,114.15661843470022,207.59735737453533,46,-0.0155487060546875,-7.0343170166015625,7.0343342010676659,7.1135134224392162,46,-0.0155487060546875,-7.0343170166015625,7.0343342010676659,7.1135134224392162,403,87.52197265625,-73.291458129882812,114.15661843470022,207.59735737453533,0,0,0,0,0,0,0,0,0,0,0,0,1,-10.303482100088246,-27.051697109013482,28.94747069891681,0,0,0,0,0,0,1.587255148910049,0.43588320878886266,0,0,0,0,0,0,0,0,-1,-1,-1.3694029850746268,-0.86194029850746268,-1.3694029850746268,-0.86194029850746268,-1.3731343283582089,-0.86567164179104472,0,0,0,0,-1.3694029850746268,-0.86194029850746268,238,275,506,274,367,231
29,1160,407,33.547393798828125,-227.46075439453125,229.92133963689173,92.860294617920303,406,35.3438720703125,-213.4835205078125,216.38947021824379,85.897446232143338,7,-1.796478271484375,-13.97723388671875,14.092210660643504,7.2411647661400105,7,-1.796478271484375,-13.97723388671875,14.092210660643504,7.2411647661400105,400,35.3438720703125,-213.4835205078125,216.38947021824379,85.897446232143338,0,0,0,0,0,0,0,0,0,0,0,0,1,0.43458801109321143,-1.024458370787741,1.112825993973463,0,0,0,0,0,0,2.4886491750083066,-0.0030611267069824422,0,0,0,0,0,0,0,0,-1,-1,-1.3694029850746268,-0.86194029850746268,-1.3694029850746268,-0.86194029850746268,-1.3731343283582089,-0.86567164179104472,0,0,0,0,-1.3694029850746268,-0.86194029850746268,238,275,506,274,367,231
30,1200,442,-17.109848022460938,-266.9256591796875,267.47346490420767,56.152612469587865,409,-5.60546875,-205.7158203125,205.79217673845625,69.773628331669258,33,-11.504379272460938,-61.2098388671875,62.281579271817492,18.097435269775868,33,-11.504379272460938,-61.2098388671875,62.281579271817492,18.097435269775868,409,-5.60546875,-205.7158203125,205.79217673845625,69.773628331669258,0,0,0,0,0,0,0,0,0,0,0,0,1,9.8635242873074276,26.781799246830566,28.540390366353396,0,0,0,0,0,0,1.5811328954960842,-0.44388179324606658,0,0,0,0,0,0,0,0,-1,-1,-1.3694029850746268,-0.86194029850746268,-1.3694029850746268,-0.86194029850746268,-1.3731343283582089,-0.86567164179104472,0,0,0,0,-1.3694029850746268,-0.86194029850746268,238,275,506,274,367,231
31,1240,429,-108.82127380371094,-940.4776611328125,946.75250235851377,81.235289319792926,391,-15.666046142578125,-137.41485595703125,138.30498053010612,78.562377696988378,38,-93.155227661132812,-803.062744140625,808.44769000057659,14.937971538743428,38,-93.155227661132812,-803.062744140625,808.44769000057659,14.937971538743428,391,-15.666046142578125,-137.41485595703125,138.30498053010612,78.562377696988378,0,0,0,0,0,0,0,0,0,0,0,0,1,-0.48415537621946214,-0.36623895449923793,0.60707281286094816,0,0,0,0,0,0,1.6008855885161735,0.012005774590870377,0,0,0,0,0,0,0,0,-1,-1,-1.3694029850746268,-0.86194029850746268,-1.3694029850746268,-0.86194029850746268,-1.3731343283582089,-0.86567164179104472,0,0,0,0,-1.3694029850746268,-0.86194029850746268,238,275,506,274,367,231
32,1280,445,-51.9449462890625,-568.95159912109375,571.31794964574965,197.3783157996501,397,-14.8045654296875,-70.989982604980469,72.517258551446417,54.662803294038149,48,-37.140380859375,-497.96163940429688,499.34477288602352,144.22147973455259,48,-37.140380859375,-497.96163940429688,499.34477288602352,144.22147973455259,397,-14.8045654296875,-70.989982604980469,72.517258551446417,54.662803294038149,0,0,0,0,0,0,0,0,0,0,0,0,1,0.034536625739320925,-0.94850187985828427,0.94913044130517543,0,0,0,0,0,0,1.6051444446778249,-0.0023242722448080233,0,0,0,0,0,0,0,0,-1,-1,-1.3694029850746268,-0.86194029850746268,-1.3694029850746268,-0.86194029850746268,-1.3731343283582089,-0.86567164179104472,0,0,0,0,-1.3694029850746268,-0.86194029850746268,238,275,506,274,367,231
33,1320,448,-21.942459106445312,-424.82891845703125,425.39520621300954,380.22911302360222,403,-14.154022216796875,13.494407653808594,19.555955175872835,118.21512453698418,45,-7.7884368896484375,-438.32330322265625,438.39249297542113,262.20268586662269,45,-7.7884368896484375,-438.32330322265625,438.39249297542113,262.20268586662269,403,-14.154022216796875,13.494407653808594,19.555955175872835,118.21512453698418,0,0,0,0,0,0,0,0,0,0,0,0,1,-0.21475896245189574,-1.726427395349873,1.7397335897682615,0,0,0,0,0,0,1.5962370440265574,-0.0015055918686823766,0,0,0,0,0,0,0,0,-1,-1,-1.3694029850746268,-0.86194029850746268,-1.3694029850746268,-0.86194029850746268,-1.3731343283582089,-0.86567164179104472,0,0,0,0,-1.3694029850746268,-0.86194029850746268,238,275,506,274,367,231
34,1360,475,6.1583251953125,-139.82192993164062,139.95748304045711,389.27836315484154,412,-19.632064819335938,106.02025604248047,107.82259809698394,71.335390971612469,63,25.790390014648438,-245.84217834472656,247.19126374204251,321.12572880029785,63,25.790390014648438,-245.84217834472656,247.19126374204251,321.12572880029785,412,-19.632064819335938,106.02025604248047,107.82259809698394,71.335390971612469,0,0,0,0,0,0,0,0,0,0,0,0,1,0.26553944924816619,0.30183698753948107,0.40201587798733557,0,0,0,0,0,0,1.6021332609404602,-0.0015561911571431164,0,0,0,0,0,0,0,0,-1,-1,-1.3694029850746268,-0.86194029850746268,-1.3694029850746268,-0.86194029850746268,-1.3731343283582089,-0.86567164179104472,0,0,0,0,-1.3694029850746268,-0.86194029850746268,238,275,506,274,367,231
35,1400,494,25.37677001953125,162.3958740234375,164.36666437103469,301.57114168647553,409,-38.755172729492188,153.2589111328125,158.0830707410129,32.469637030532567,85,64.131942749023438,9.1370086669921875,64.779557023375133,276.73346579437714,85,64.131942749023438,9.1370086669921875,64.779557023375133,276.73346579437714,409,-38.755172729492188,153.2589111328125,158.0830707410129,32.469637030532567,0,0,0,0,0,0,0,0,0,0,0,0,1,0.47917515726581428,1.1696540786727567,1.2640013825532523,0,0,0,0,0,0,1.5931246617122712,-0.0058678583812433738,0,0,0,0,0,0,0,0,-1,-1,-1.3694029850746268,-0.86194029850746268,-1.3694029850746268,-0.86194029850746268,-1.3731343283582089,-0.86567164179104472,0,0,0,0,-1.3694029850746268,-0.86194029850746268,238,275,506,274,367,231
36,1440,521,17.737503051757812,343.3582763671875,343.81612086165626,75.638832939222382,429,-47.586929321289062,100.75586700439453,111.42827548713387,136.6021850802473,92,65.324432373046875,242.60234069824219,251.24326294873413,87.909563653237257,92,65.324432373046875,242.60234069824219,251.24326294873413,87.909563653237257,429,-47.586929321289062,100.75586700439453,111.42827548713387,136.6021850802473,0,0,0,0,0,0,0,0,0,0,0,0,1,-0.10879789499210801,-0.66536768107593502,0.67420407368621038,0,0,0,0,0,0,1.5903975441779734,-0.012662273917825928,0,0,0,0,0,0,0,0,-1,-1,-1.3694029850746268,-0.86194029850746268,-1.3694029850746268,-0.86194029850746268,-1.3731343283582089,-0.86567164179104472,0,0,0,0,-1.3694029850746268,-0.86194029850746268,238,275,506,274,367,231
37,1480,540,-46.515029907226562,217.25357055664062,222.1773209103022,243.95532385316463,441,-47.863662719726562,5.9736728668212891,48.234997423733105,57.038887632264853,99,1.3486328125,211.27992248535156,211.28422670866635,191.45178156698114,99,1.3486328125,211.27992248535156,211.28422670866635,191.45178156698114,441,-47.863662719726562,5.9736728668212891,48.234997423733105,57.038887632264853,0,0,0,0,0,0,0,0,0,0,0,0,1,0.26264842759059093,-0.6622619731046484,0.71244306266274493,0,0,0,0,0,0,1.5678001138766193,-0.011087211493262195,0,0,0,0,0,0,0,0,-1,-1,-1.3694029850746268,-0.86194029850746268,-1.3694029850746268,-0.86194029850746268,-1.3731343283582089,-0.86567164179104472,0,0,0,0,-1.3694029850746268,-0.86194029850746268,238,275,506,274,367,231
38,1520,546,-126.2530517578125,6.2349128723144531,126.40691126946436,219.64638013112784,444,-47.328872680664062,-56.320137023925781,73.566160859571056,66.712477219236646,102,-78.924179077148438,62.5550537109375,100.70829552613861,159.65710223100305,102,-78.924179077148438,62.5550537109375,100.70829552613861,159.65710223100305,444,-47.328872680664062,-56.320137023925781,73.566160859571056,66.712477219236646,0,0,0,0,0,0,0,0,0,0,0,0,1,0.00093415248474570944,0.39237677677738958,0.39237788876933188,0,0,0,0,0,0,1.568223121191449,0.017430970230114196,0,0,0,0,0,0,0,0,-1,-1,-1.3694029850746268,-0.86194029850746268,-1.3694029850746268,-0.86194029850746268,-1.3731343283582089,-0.86567164179104472,0,0,0,0,-1.3694029850746268,-0.86194029850746268,238,275,506,274,367,231
39,1560,553,-153.99859619140625,-97.896186828613281,182.4807689169096,18.109059871872592,447,-27.44451904296875,-74.186332702636719,79.100022663499786,45.259417934783556,106,-126.5540771484375,-23.709854125976562,128.7559382147781,33.228811348767543,106,-126.5540771484375,-23.709854125976562,128.7559382147781,33.228811348767543,447,-27.44451904296875,-74.186332702636719,79.100022663499786,45.259417934783556,0,0,0,0,0,0,0,0,0,0,0,0,1,-1.0090707457106873,1.6381265207741862,1.9239756411952993,0,0,0,0,0,0,1.6026620543368477,0.0086665952202003016,0,0,0,0,0,0,0,0,-1,-1,-1.3694029850746268,-0.86194029850746268,-1.3694029850746268,-0.86194029850746268,-1.3731343283582089,-0.86567164179104472,0,0,0,0,-1.3694029850746268,-0.86194029850746268,238,275,506,274,367,231
40,1600,558,-133.30111694335938,-58.480197906494141,145.5648354704181,89.594212828403784,447,1.33135986328125,-45.104099273681641,45.123744197214897,37.585729454907032,111,-134.63247680664062,-13.3760986328125,135.29532078281702,53.700924685100588,111,-134.63247680664062,-13.3760986328125,135.29532078281702,53.700924685100588,447,1.33135986328125,-45.104099273681641,45.123744197214897,37.585729454907032,0,0,0,0,0,0,0,0,0,0,0,0,1,0.32649597006218301,-0.35548537237268363,0.48266910864254764,0,0,0,0,0,0,1.5855563116318496,-0.015509091074246806,0,0,0,0,0,0,0,0,-1,-1,-1.3694029850746268,-0.86194029850746268,-1.3694029850746268,-0.86194029850746268,-1.3731343283582089,-0.86567164179104472,0,0,0,0,-1.3694029850746268,-0.86194029850746268,238,275,506,274,367,231
41,1640,568,-101.54449462890625,29.215143203735352,105.66365970311048,101.28073503053352,454,13.362258911132812,-25.424093246459961,28.72167266391077,11.075681463076226,114,-114.90675354003906,54.639236450195312,127.23603329627826,90.737144178597404,114,-114.90675354003906,54.639236450195312,127.23603329627826,90.737144178597404,454,13.362258911132812,-25.424093246459961,28.72167266391077,11.075681463076226,0,0,0,0,0,0,0,0,0,0,0,0,1,0.7609264664582156,-2.0946154857627661,2.2285473117153636,0,0,0,0,0,0,1.5716438721883541,-0.0030066857194577246,0,0,0,0,0,0,0,0,-1,-1,-1.3694029850746268,-0.86194029850746268,-1.3694029850746268,-0.86194029850746268,-1.3731343283582089,-0.86567164179104472,0,0,0,0,-1.3694029850746268,-0.86194029850746268,238,275,506,274,367,231
42,1680,564,-85.654342651367188,120.69670104980469,148.00121641170298,79.259533407456303,455,14.81256103515625,-18.141603469848633,23.420711792715718,5.2932295807349705,109,-100.46690368652344,138.83834838867188,171.37586095962115,74.630771245293161,109,-100.46690368652344,138.83834838867188,171.37586095962115,74.630771245293161,455,14.81256103515625,-18.141603469848633,23.420711792715718,5.2932295807349705,0,0,0,0,0,0,0,0,0,0,0,0,1,-0.43691056826850172,1.1887309774294295,1.2664802333100316,0,0,0,0,0,0,1.5795429401929342,0.0079210889677783225,0,0,0,0,0,0,0,0,-1,-1,-1.3694029850746268,-0.86194029850746268,-1.3694029850746268,-0.86194029850746268,-1.3731343283582089,-0.86567164179104472,0,0,0,0,-1.3694029850746268,-0.86194029850746268,238,275,506,274,367,231
43,1720,565,-101.05647277832031,172.78213500976562,200.16512400747607,48.882846680313037,457,10.994873046875,-31.281465530395508,33.157462494078473,32.167011767725711,108,-112.05134582519531,204.0635986328125,232.80347159827988,62.678029216402031,108,-112.05134582519531,204.0635986328125,232.80347159827988,62.678029216402031,457,10.994873046875,-31.281465530395508,33.157462494078473,32.167011767725711,0,0,0,0,0,0,0,0,0,0,0,0,1,-0.23511200098906215,2.2195040363307825,2.23192200139201,0,0,0,0,0,0,1.5874860501239108,0.0025856897814383606,0,0,0,0,0,0,0,0,-1,-1,-1.3694029850746268,-0.86194029850746268,-1.3694029850746268,-0.86194029850746268,-1.3731343283582089,-0.86567164179104472,0,0,0,0,-1.3694029850746268,-0.86194029850746268,238,275,506,274,367,231
44,1760,567,-81.145172119140625,70.241737365722656,107.32399837128747,82.401168174189351,457,-11.152633666992188,-48.915904998779297,50.171176980012426,34.462230007266783,110,-69.992538452148438,119.15762329101562,138.19368519342362,63.197625863165321,110,-69.992538452148438,119.15762329101562,138.19368519342362,63.197625863165321,457,-11.152633666992188,-48.915904998779297,50.171176980012426,34.462230007266783,0,0,0,0,0,0,0,0,0,0,0,0,1,-0.036712689950149979,-1.2450709485405724,1.2456120939133084,0,0,0,0,0,0,1.5847143197558109,-0.0003667444804722475,0,0,0,0,0,0,0,0,-1,-1,-1.3694029850746268,-0.86194029850746268,-1.3694029850746268,-0.86194029850746268,-1.3731343283582089,-0.86567164179104472,0,0,0,0,-1.3694029850746268,-0.86194029850746268,238,275,506,274,367,231
45,1800,502,-127.53408813476562,116.14112091064453,172.49261898048599,107.91165747441916,456,-36.219451904296875,-51.011478424072266,62.562126140799151,16.415593431893981,46,-91.31463623046875,167.152587890625,190.46876496800192,99.54419826682269,46,-91.31463623046875,167.152587890625,190.46876496800192,99.54419826682269,456,-36.219451904296875,-51.011478424072266,62.562126140799151,16.415593431893981,0,0,0,0,0,0,0,0,0,0,0,0,1,-0.63470201697964512,0.32272212633287722,0.71203667123459535,0,0,0,0,0,0,1.5867525611629663,0.0051848670455058032,0,0,0,0,0,0,0,0,-1,-1,-1.3694029850746268,-0.86194029850746268,-1.3694029850746268,-0.86194029850746268,-1.3731343283582089,-0.86567164179104472,0,0,0,0,-1.3694029850746268,-0.86194029850746268,238,275,506,274,367,231
46,1840,495,-193.30926513671875,201.90655517578125,279.52590042901039,134.54105381402059,458,-70.304916381835938,-47.622623443603516,84.915814375816936,51.940951858977883,37,-123.00434875488281,249.52919006347656,278.19936467639076,105.75170562127596,37,-123.00434875488281,249.52919006347656,278.19936467639076,105.75170562127596,458,-70.304916381835938,-47.622623443603516,84.915814375816936,51.940951858977883,0,0,0,0,0,0,0,0,0,0,0,0,1,-0.50503344584049614,1.3043622593752815,1.3987207316330572,0,0,0,0,0,0,1.5950840538468225,-0.00036595405029904438,0,0,0,0,0,0,0,0,-1,-1,-1.3694029850746268,-0.86194029850746268,-1.3694029850746268,-0.86194029850746268,-1.3731343283582089,-0.86567164179104472,0,0,0,0,-1.3694029850746268,-0.86194029850746268,238,275,506,274,367,231
47,1880,491,-116.52104187011719,-14.538612365722656,117.42454789360846,29.88632711419331,459,-106.79341125488281,-36.796615600585938,112.9549627378621,25.026335393195399,32,-9.727630615234375,22.258010864257812,24.290859289450093,5.950693931016577,32,-9.727630615234375,22.258010864257812,24.290859289450093,5.950693931016577,459,-106.79341125488281,-36.796615600585938,112.9549627378621,25.026335393195399,0,0,0,0,0,0,0,0,0,0,0,0,1,-9.5390797933654028,-28.006544657761353,29.586493319948769,0,0,0,0,0,0,1.5860206530623682,0.4706889408107604,0,0,0,0,0,0,0,0,-1,-1,-1.3694029850746268,-0.86194029850746268,-1.3694029850746268,-0.86194029850746268,-1.3731343283582089,-0.86567164179104472,0,0,0,0,-1.3694029850746268,-0.86194029850746268,238,275,506,274,367,231
48,1920,460,-138.76963806152344,-32.900249481201172,142.61640460918755,41.870306106508188,458,-138.76963806152344,-32.900249481201172,142.61640460918755,41.870306106508188,5,0,0,0,0,5,0,0,0,0,455,-138.76963806152344,-32.900249481201172,142.61640460918755,41.870306106508188,0,0,0,0,0,0,0,0,0,0,0,0,1,-10.478813079862022,-23.754071003745807,25.962692711151607,0,0,0,0,0,0,2.5364619354683433,0.53361331270977219,0,0,0,0,0,0,0,0,-1,-1,-1.3694029850746268,-0.86194029850746268,-1.3694029850746268,-0.86194029850746268,-1.3731343283582089,-0.86567164179104472,0,0,0,0,-1.3694029850746268,-0.86194029850746268,238,275,506,274,367,231
49,1960,463,-154.21145629882812,-45.535060882568359,160.7937033076376,20.985625501086783,463,-154.21145629882812,-45.535060882568359,160.7937033076376,20.985625501086783,11,-1.231597900390625,-1.0386619567871094,1.6111027430686793,0.54713019500724713,11,-1.231597900390625,-1.0386619567871094,1.6111027430686793,0.54713019500724713,452,-152.9798583984375,-44.49639892578125,159.31969932487399,20.449941085284809,0,0,0,0,0,0,0,0,0,0,0,0,1,-1.1664384734675934,-0.28010754718442854,1.199599495821454,0,0,0,0,0,0,2.6532472784819126,0.056734733693430739,0,0,0,0,0,0,0,0,-1,-1,-1.3694029850746268,-0.86194029850746268,-1.3694029850746268,-0.86194029850746268,-1.3731343283582089,-0.86567164179104472,0,0,0,0,-1.3694029850746268,-0.86194029850746268,238,275,506,274,367,231
50,2000,456,-141.56451416015625,-62.829334259033203,154.88071833780472,25.855835079965001,456,-141.56451416015625,-62.829334259033203,154.88071833780472,25.855835079965001,14,-3.6062164306640625,-0.76871871948242188,3.6872381824984055,1.054502605638302,14,-3.6062164306640625,-0.76871871948242188,3.6872381824984055,1.054502605638302,442,-137.95829772949219,-62.060615539550781,151.27462415609281,24.81509308303173,0,0,0,0,0,0,0,0,0,0,0,0,1,11.017237598497587,24.225697000392287,26.613228279495985,0,0,0,0,0,0,2.6499314028552048,-0.52463604748532522,0,0,0,0,0,0,0,0,-1,-1,-1.3694029850746268,-0.86194029850746268,-1.3694029850746268,-0.86194029850746268,-1.3731343283582089,-0.86567164179104472,0,0,0,0,-1.3694029850746268,-0.86194029850746268,238,275,506,274,367,231
51,2040,454,-117.59628295898438,-71.181358337402344,137.46152749233946,27.597761318876763,454,-117.59628295898438,-71.181358337402344,137.46152749233946,27.597761318876763,0,0,0,0,0,0,0,0,0,0,454,-117.59628295898438,-71.181358337402344,137.46152749233946,27.597761318876763,0,0,0,0,0,0,0,0,0,0,0,0,1,0.74352826934315885,1.2943524933224637,1.492709839279728,0,0,0,0,0,0,1.6039751835112621,-0.034148400546809565,0,0,0,0,0,0,0,0,-1,-1,-1.3694029850746268,-0.86194029850746268,-1.3694029850746268,-0.86194029850746268,-1.3731343283582089,-0.86567164179104472,0,0,0,0,-1.3694029850746268,-0.86194029850746268,238,275,506,274,367,231
52,2080,457,-97.933807373046875,-64.828887939453125,117.44707462532739,17.168639950685282,457,-97.933807373046875,-64.828887939453125,117.44707462532739,17.168639950685282,5,0,0,0,0,5,0,0,0,0,452,-97.933807373046875,-64.828887939453125,117.44707462532739,17.168639950685282,0,0,0,0,0,0,0,0,0,0,0,0,1,-10.316955907189254,-26.710479530486317,28.633709084563524,0,0,0,0,0,0,2.5816346017615857,0.48805021222290768,0,0,0,0,0,0,0,0,-1,-1,-1.3694029850746268,-0.86194029850746268,-1.3694029850746268,-0.86194029850746268,-1.3731343283582089,-0.86567164179104472,0,0,0,0,-1.3694029850746268,-0.86194029850746268,238,275,506,274,367,231
53,2120,458,-78.041946411132812,-74.277519226074219,107.73901457697649,42.448914627122861,458,-78.041946411132812,-74.277519226074219,107.73901457697649,42.448914627122861,12,-0.687164306640625,-1.5044021606445312,1.6539107126059813,0.45933429386017754,12,-0.687164306640625,-1.5044021606445312,1.6539107126059813,0.45933429386017754,446,-77.354782104492188,-72.773117065429688,106.20587969529841,41.992328844808405,0,0,0,0,0,0,0,0,0,0,0,0,1,-0.64574971329727759,1.637985762665771,1.7606788608145678,0,0,0,0,0,0,2.5800756079570775,0.017095533030115906,0,0,0,0,0,0,0,0,-1,-1,-1.3694029850746268,-0.86194029850746268,-1.3694029850746268,-0.86194029850746268,-1.3731343283582089,-0.86567164179104472,0,0,0,0,-1.3694029850746268,-0.86194029850746268,238,275,506,274,367,231
54,2160,456,-58.583114624023438,-93.109001159667969,110.00576083097884,12.250867666026219,456,-58.583114624023438,-93.109001159667969,110.00576083097884,12.250867666026219,15,-0.3614959716796875,-1.5241012573242188,1.5663856422088098,0.39882625548805384,15,-0.3614959716796875,-1.5241012573242188,1.5663856422088098,0.39882625548805384,441,-58.22161865234375,-91.58489990234375,108.52442475600257,12.395775719132754,0,0,0,0,0,0,0,0,0,0,0,0,1,-1.3257772970618191,2.2498314143072022,2.6114032308718791,0,0,0,0,0,0,2.6158256678218175,0.047802608480420616,0,0,0,0,0,0,0,0,-1,-1,-1.3694029850746268,-0.86194029850746268,-1.3694029850746268,-0.86194029850746268,-1.3731343283582089,-0.86567164179104472,0,0,0,0,-1.3694029850746268,-0.86194029850746268,238,275,506,274,367,231
55,2200,451,-55.904586791992188,-127.57527160644531,139.28665675448485,57.218612413238347,451,-55.904586791992188,-127.57527160644531,139.28665675448485,57.218612413238347,16,-0.748077392578125,-2.8969917297363281,2.9920195299240895,1.4394146074294374,16,-0.748077392578125,-2.8969917297363281,2.9920195299240895,1.4394146074294374,435,-55.156509399414062,-124.67828369140625,136.33383642134638,55.788507038236432,0,0,0,0,0,0,0,0,0,0,0,0,1,-0.088812432376158768,3.4884117117460463,3.4895420786675651,0,0,0,0,0,0,2.6756808249179187,0.029867753813936027,0,0,0,0,0,0,0,0,-1,-1,-1.3694029850746268,-0.86194029850746268,-1.3694029850746268,-0.86194029850746268,-1.3731343283582089,-0.86567164179104472,0,0,0,0,-1.3694029850746268,-0.86194029850746268,238,275,506,274,367,231
56,2240,460,-60.512069702148438,-143.56097412109375,155.79301611508464,24.742369461735432,460,-60.512069702148438,-143.56097412109375,155.79301611508464,24.742369461735432,27,-0.8293914794921875,-3.8427391052246094,3.9312255159271481,0.63207560552765807,27,-0.8293914794921875,-3.8427391052246094,3.9312255159271481,0.63207560552765807,433,-59.68267822265625,-139.71823120117188,151.93158397717457,24.1970880812083,0,0,0,0,0,0,0,0,0,0,0,0,1,3.8841516651147288,-0.86772039401981971,3.9798960840468474,0,0,0,0,0,0,2.6755611754496895,-0.11496548539423879,0,0,0,0,0,0,0,0,-1,-1,-1.3694029850746268,-0.86194029850746268,-1.3694029850746268,-0.86194029850746268,-1.3731343283582089,-0.86567164179104472,0,0,0,0,-1.3694029850746268,-0.86194029850746268,238,275,506,274,367,231
57,2280,456,-54.170074462890625,-141.47251892089844,151.48884637866604,27.397832068152063,456,-54.170074462890625,-141.47251892089844,151.48884637866604,27.397832068152063,30,-1.024627685546875,-6.5995292663574219,6.6785962919985868,0.6314553202562565,30,-1.024627685546875,-6.5995292663574219,6.6785962919985868,0.6314553202562565,426,-53.14544677734375,-134.87301635742188,144.96609622429952,26.766487325945569,0,0,0,0,0,0,0,0,0,0,0,0,1,0.25726349855702324,-1.1756427022687959,1.2034617863013666,0,0,0,0,0,0,2.4457498541294411,-0.032170356285895263,0,0,0,0,0,0,0,0,-1,-1,-1.3694029850746268,-0.86194029850746268,-1.3694029850746268,-0.86194029850746268,-1.3731343283582089,-0.86567164179104472,0,0,0,0,-1.3694029850746268,-0.86194029850746268,238,275,506,274,367,231
58,2320,455,-40.975448608398438,-127.80596160888672,134.21382645402718,45.594054080969407,455,-40.975448608398438,-127.80596160888672,134.21382645402718,45.594054080969407,36,-1.52960205078125,-7.2547702789306641,7.4142682871480927,1.9639145901521575,36,-1.52960205078125,-7.2547702789306641,7.4142682871480927,1.9639145901521575,419,-39.445846557617188,-120.55119323730469,126.8407071944376,43.637656084839556,0,0,0,0,0,0,0,0,0,0,0,0,1,-0.88649188016657376,0.94412476793681321,1.2950827892582808,0,0,0,0,0,0,2.611220462877899,0.02938430892405508,0,0,0,0,0,0,0,0,-1,-1,-1.3694029850746268,-0.86194029850746268,-1.3694029850746268,-0.86194029850746268,-1.3731343283582089,-0.86567164179104472,0,0,0,0,-1.3694029850746268,-0.86194029850746268,238,275,506,274,367,231
59,2360,458,-45.383529663085938,-84.121543884277344,95.582942569030592,46.728252636126207,458,-45.383529663085938,-84.121543884277344,95.582942569030592,46.728252636126207,42,-2.0537109375,-5.6199741363525391,5.9834637049186314,3.1064327822049229,42,-2.0537109375,-5.6199741363525391,5.9834637049186314,3.1064327822049229,416,-43.329818725585938,-78.501564025878906,89.665872801759434,43.625683356018719,0,0,0,0,0,0,0,0,0,0,0,0,1,2.0174300106748149,-1.2299019336860511,2.3627701146019415,0,0,0,0,0,0,2.5045184719775513,-0.050760526515699622,0,0,0,0,0,0,0,0,-1,-1,-1.3694029850746268,-0.86194029850746268,-1.3694029850746268,-0.86194029850746268,-1.3731343283582089,-0.86567164179104472,0,0,0,0,-1.3694029850746268,-0.86194029850746268,238,275,506,274,367,231
60,2400,458,-49.279022216796875,-37.676261901855469,62.03162694578279,52.050981036157516,458,-49.279022216796875,-37.676261901855469,62.03162694578279,52.050981036157516,46,-3.0508270263671875,-3.7078857421875,4.801662443563667,3.1446775372756877,46,-3.0508270263671875,-3.7078857421875,4.801662443563667,3.1446775372756877,412,-46.228195190429688,-33.968376159667969,57.366336901436938,48.910317198444687,0,0,0,0,0,0,0,0,0,0,0,0,1,-0.038134835496094865,-0.038176615965504368,0.053960352898140128,0,0,0,0,0,0,2.5096994098464998,-0.0013575087254338314,0,0,0,0,0,0,0,0,-1,-1,-1.3694029850746268,-0.86194029850746268,-1.3694029850746268,-0.86194029850746268,-1.3731343283582089,-0.86567164179104472,0,0,0,0,-1.3694029850746268,-0.86194029850746268,238,275,506,274,367,231
61,2440,459,-46.654937744140625,4.0124397277832031,46.827159731065585,27.554370790805304,459,-46.654937744140625,4.0124397277832031,46.827159731065585,27.554370790805304,48,-2.618408203125,-0.72469139099121094,2.7168435969648801,2.2875954675943864,48,-2.618408203125,-0.72469139099121094,2.7168435969648801,2.2875954675943864,411,-44.036529541015625,4.7371311187744141,44.290589804756529,25.34905342515458,0,0,0,0,0,0,0,0,0,0,0,0,1,-0.66643030106826018,3.345872264425509,3.4115964820057214,0,0,0,0,0,0,2.5018034545266836,0.055774836614375989,0,0,0,0,0,0,0,0,-1,-1,-1.3694029850746268,-0.86194029850746268,-1.3694029850746268,-0.86194029850746268,-1.3731343283582089,-0.86567164179104472,0,0,0,0,-1.3694029850746268,-0.86194029850746268,238,275,506,274,367,231
62,2480,431,-53.084457397460938,50.003765106201172,72.926923299827934,68.234651287354197,431,-53.084457397460938,50.003765106201172,72.926923299827934,68.234651287354197,47,-2.29693603515625,2.5516433715820312,3.4331907965241064,4.3568109851836931,47,-2.29693603515625,2.5516433715820312,3.4331907965241064,4.3568109851836931,384,-50.787521362304688,47.452121734619141,69.505943510203991,63.878360935213088,0,0,0,0,0,0,0,0,0,0,0,0,1,-0.82909949451320131,0.49284974801523163,0.96452415517742385,0,0,0,0,0,0,2.6212490830752517,0.012634750022178176,0,0,0,0,0,0,0,0,-1,-1,-1.3694029850746268,-0.86194029850746268,-1.3694029850746268,-0.86194029850746268,-1.3731343283582089,-0.86567164179104472,0,0,0,0,-1.3694029850746268,-0.86194029850746268,238,275,506,274,367,231
63,2520,447,-51.806304931640625,101.50741577148438,113.96336554908831,34.182450546844969,447,-51.806304931640625,101.50741577148438,113.96336554908831,34.182450546844969,66,-2.0122222900390625,7.4481468200683594,7.7151752797862256,4.4219558415093525,66,-2.0122222900390625,7.4481468200683594,7.7151752797862256,4.4219558415093525,381,-49.794082641601562,94.05926513671875,106.42648178051458,30.08154678119082,0,0,0,0,0,0,0,0,0,0,0,0,1,-0.778888402930761,-2.3243245196004167,2.4513570969231999,0,0,0,0,0,0,2.52707295457104,0.015142192554703504,0,0,0,0,0,0,0,0,-1,-1,-1.3694029850746268,-0.86194029850746268,-1.3694029850746268,-0.86194029850746268,-1.3731343283582089,-0.86567164179104472,0,0,0,0,-1.3694029850746268,-0.86194029850746268,238,275,506,274,367,231
64,2560,451,-53.30255126953125,149.72248840332031,158.92761089729939,64.048783649688275,451,-53.30255126953125,149.72248840332031,158.92761089729939,64.048783649688275,71,-5.404632568359375,11.536764144897461,12.739975672424281,3.3868401193214166,71,-5.404632568359375,11.536764144897461,12.739975672424281,3.3868401193214166,380,-47.897918701171875,138.18571472167969,146.25150381806512,60.662096120095903,0,0,0,0,0,0,0,0,0,0,0,0,1,0.62248811930982129,-0.20763081412412987,0.65620272298713245,0,0,0,0,0,0,2.6515334681846587,-0.0084312178694112561,0,0,0,0,0,0,0,0,-1,-1,-1.3694029850746268,-0.86194029850746268,-1.3694029850746268,-0.86194029850746268,-1.3731343283582089,-0.86567164179104472,0,0,0,0,-1.3694029850746268,-0.86194029850746268,238,275,506,274,367,231
65,2600,455,-55.385604858398438,173.08953857421875,181.73484418065405,17.798131940646847,455,-55.385604858398438,173.08953857421875,181.73484418065405,17.798131940646847,79,-6.709625244140625,14.716049194335938,16.173471328287089,2.6666961271279477,79,-6.709625244140625,14.716049194335938,16.173471328287089,2.6666961271279477,376,-48.675979614257812,158.37350463867188,165.68499619139646,20.285393013247401,0,0,0,0,0,0,0,0,0,0,0,0,1,0.98045269522668832,-0.58115999952830322,1.1397519171420658,0,0,0,0,0,0,2.5102105188322175,-0.017894532879059843,0,0,0,0,0,0,0,0,-1,-1,-1.3694029850746268,-0.86194029850746268,-1.3694029850746268,-0.86194029850746268,-1.3731343283582089,-0.86567164179104472,0,0,0,0,-1.3694029850746268,-0.86194029850746268,238,275,506,274,367,231
66,2640,457,-42.1904296875,178.01303100585938,182.94444939682901,38.210682006766881,457,-42.1904296875,178.01303100585938,182.94444939682901,38.210682006766881,81,-5.97991943359375,20.710281372070312,21.556326007522589,6.3418642309427282,81,-5.97991943359375,20.710281372070312,21.556326007522589,6.3418642309427282,376,-36.21051025390625,157.30276489257812,161.4167305321786,31.869495251552198,0,0,0,0,0,0,0,0,0,0,0,0,1,0.015956549262625686,0.5159435411184532,0.51619022567869266,0,0,0,0,0,0,2.6157444024265391,-0.004988488486922904,0,0,0,0,0,0,0,0,-1,-1,-1.3694029850746268,-0.86194029850746268,-1.3694029850746268,-0.86194029850746268,-1.3731343283582089,-0.86567164179104472,0,0,0,0,-1.3694029850746268,-0.86194029850746268,238,275,506,274,367,231
67,2680,461,-19.2193603515625,178.97645568847656,180.00543187118669,29.378617082805533,461,-19.2193603515625,178.97645568847656,180.00543187118669,29.378617082805533,87,-2.6681671142578125,24.1541748046875,24.301096194307927,2.2312497782126921,87,-2.6681671142578125,24.1541748046875,24.301096194307927,2.2312497782126921,374,-16.551193237304688,154.82223510742188,155.70442023666641,28.850202291073455,0,0,0,0,0,0,0,0,0,0,0,0,1,0.20231008358260283,0.26245638162532714,0.33138002681975132,0,0,0,0,0,0,2.5002335418583717,-0.024983130372446372,0,0,0,0,0,0,0,0,-1,-1,-1.3694029850746268,-0.86194029850746268,-1.3694029850746268,-0.86194029850746268,-1.3731343283582089,-0.86567164179104472,0,0,0,0,-1.3694029850746268,-0.86194029850746268,238,275,506,274,367,231
68,2720,470,14.29827880859375,167.31636047363281,167.92618991399442,50.650991078372599,470,14.29827880859375,167.31636047363281,167.92618991399442,50.650991078372599,96,2.38232421875,26.656578063964844,26.762821651752166,8.1424021952365742,96,2.38232421875,26.656578063964844,26.762821651752166,8.1424021952365742,374,11.91595458984375,140.65985107421875,141.16367690737096,42.573977338661493,0,0,0,0,0,0,0,0,0,0,0,0,1,-0.12659924779063658,-0.36564840895236728,0.38694460651435963,0,0,0,0,0,0,2.5657781416816463,-0.0020967923685952794,0,0,0,0,0,0,0,0,-1,-1,-1.3694029850746268,-0.86194029850746268,-1.3694029850746268,-0.86194029850746268,-1.3731343283582089,-0.86567164179104472,0,0,0,0,-1.3694029850746268,-0.86194029850746268,238,275,506,274,367,231
69,2760,472,43.54498291015625,147.42144775390625,153.71808219758503,40.238670764569576,472,43.54498291015625,147.42144775390625,153.71808219758503,40.238670764569576,98,7.6979827880859375,25.933725357055664,27.052117290534937,4.8572059533698466,98,7.6979827880859375,25.933725357055664,27.052117290534937,4.8572059533698466,374,35.847000122070312,121.48774719238281,126.6660180775887,35.382967037545619,0,0,0,0,0,0,0,0,0,0,0,0,1,0.13379429251261854,0.084142732721666391,0.15805351049192778,0,0,0,0,0,0,2.4960399571211811,-0.029393761802455565,0,0,0,0,0,0,0,0,-1,-1,-1.3694029850746268,-0.86194029850746268,-1.3694029850746268,-0.86194029850746268,-1.3731343283582089,-0.86567164179104472,0,0,0,0,-1.3694029850746268,-0.86194029850746268,238,275,506,274,367,231
70,2800,477,50.02001953125,109.53815460205078,120.41847726794012,37.423281168607204,477,50.02001953125,109.53815460205078,120.41847726794012,37.423281168607204,103,8.6070098876953125,21.663415908813477,23.310602910373589,4.7026600200175608,103,8.6070098876953125,21.663415908813477,23.310602910373589,4.7026600200175608,374,41.413009643554688,87.874771118164062,97.144288390038014,32.733978180455495,0,0,0,0,0,0,0,0,0,0,0,0,1,-0.61143710044794375,0.010041387205674823,0.61151954773433292,0,0,0,0,0,0,2.5069906180767352,0.047754347020625199,0,0,0,0,0,0,0,0,-1,-1,-1.3694029850746268,-0.86194029850746268,-1.3694029850746268,-0.86194029850746268,-1.3731343283582089,-0.86567164179104472,0,0,0,0,-1.3694029850746268,-0.86194029850746268,238,275,506,274,367,231
71,2840,477,43.569091796875,65.703887939453125,78.83696246282409,54.608680269783051,477,43.569091796875,65.703887939453125,78.83696246282409,54.608680269783051,104,7.1710662841796875,13.938512802124023,15.675022513128138,11.452953652522208,104,7.1710662841796875,13.938512802124023,15.675022513128138,11.452953652522208,373,36.398025512695312,51.765373229980469,63.280882791424439,43.164282454239327,0,0,0,0,0,0,0,0,0,0,0,0,1,0.58531329635383145,-1.112909703745764,1.2574417137903737,0,0,0,0,0,0,2.5915486511624315,-0.0021049288131218535,0,0,0,0,0,0,0,0,-1,-1,-1.3694029850746268,-0.86194029850746268,-1.3694029850746268,-0.86194029850746268,-1.3731343283582089,-0.86567164179104472,0,0,0,0,-1.3694029850746268,-0.86194029850746268,238,275,506,274,367,231
72,2880,475,30.00103759765625,29.277740478515625,41.919546090854759,22.705665433795374,475,30.00103759765625,29.277740478515625,41.919546090854759,22.705665433795374,102,4.3072509765625,6.7879238128662109,8.0391741282531477,3.5467636439421391,102,4.3072509765625,6.7879238128662109,8.0391741282531477,3.5467636439421391,373,25.69378662109375,22.489816665649414,34.146193412806916,19.247441397057397,0,0,0,0,0,0,0,0,0,0,0,0,1,1.6415190807055637,-0.74539914898667803,1.8028324335973387,0,0,0,0,0,0,2.5027807604504915,-0.057623476718350108,0,0,0,0,0,0,0,0,-1,-1,-1.3694029850746268,-0.86194029850746268,-1.3694029850746268,-0.86194029850746268,-1.3731343283582089,-0.86567164179104472,0,0,0,0,-1.3694029850746268,-0.86194029850746268,238,275,506,274,367,231
73,2920,479,8.1156158447265625,6.5912685394287109,10.455048612897002,44.164726722755766,479,8.1156158447265625,6.5912685394287109,10.455048612897002,44.164726722755766,106,0.397796630859375,3.6420745849609375,3.6637343574475287,7.1462669832751322,106,0.397796630859375,3.6420745849609375,3.6637343574475287,7.1462669832751322,373,7.7178192138671875,2.9491939544677734,8.2621110134763249,37.035229067365712,0,0,0,0,0,0,0,0,0,0,0,0,1,-0.20834111829307744,-0.85613599767619775,0.88112136966971155,0,0,0,0,0,0,2.4763016977257313,0.0043908372248924188,0,0,0,0,0,0,0,0,-1,-1,-1.3694029850746268,-0.86194029850746268,-1.3694029850746268,-0.86194029850746268,-1.3731343283582089,-0.86567164179104472,0,0,0,0,-1.3694029850746268,-0.86194029850746268,238,275,506,274,367,231
74,2960,479,-24.419586181640625,-11.495630264282227,26.990103824469724,30.713142713209066,479,-24.419586181640625,-11.495630264282227,26.990103824469724,30.713142713209066,107,-5.403411865234375,0.44063949584960938,5.4213488128562828,6.4830264783328566,107,-5.403411865234375,0.44063949584960938,5.4213488128562828,6.4830264783328566,372,-19.01617431640625,-11.936269760131836,22.451935805595614,24.470250099560971,0,0,0,0,0,0,0,0,0,0,0,0,1,-2.121307141665568,1.2927993340437212,2.4842049245956401,0,0,0,0,0,0,2.5115624349002763,0.026284188114064966,0,0,0,0,0,0,0,0,-1,-1,-1.3694029850746268,-0.86194029850746268,-1.3694029850746268,-0.86194029850746268,-1.3731343283582089,-0.86567164179104472,0,0,0,0,-1.3694029850746268,-0.86194029850746268,238,275,506,274,367,231
75,3000,483,-58.299331665039062,-15.249521255493164,60.260766433160839,40.30366831304147,483,-58.299331665039062,-15.249521255493164,60.260766433160839,40.30366831304147,111,-12.460647583007812,-1.8925724029541016,12.603553803921413,8.5592415631166467,111,-12.460647583007812,-1.8925724029541016,12.603553803921413,8.5592415631166467,372,-45.83868408203125,-13.356948852539062,47.745083946115436,31.98575278159808,0,0,0,0,0,0,0,0,0,0,0,0,1,-0.18176329347673459,-0.10649308801495749,0.21066246141747946,0,0,0,0,0,0,2.5288700739538612,0.0049657645748004686,0,0,0,0,0,0,0,0,-1,-1,-1.3694029850746268,-0.86194029850746268,-1.3694029850746268,-0.86194029850746268,-1.3731343283582089,-0.86567164179104472,0,0,0,0,-1.3694029850746268,-0.86194029850746268,238,275,506,274,367,231
76,3040,484,-71.566436767578125,-5.2506046295166016,71.758788455374997,21.444159505093044,484,-71.566436767578125,-5.2506046295166016,71.758788455374997,21.444159505093044,114,-15.9320068359375,-1.4220466613769531,15.995344901798541,4.0175834478622132,114,-15.9320068359375,-1.4220466613769531,15.995344901798541,4.0175834478622132,370,-55.634429931640625,-3.8285579681396484,55.766008015044754,17.565392132537248,0,0,0,0,0,0,0,0,0,0,0,0,1,0.28868240533520861,-0.24895272361118259,0.38120203271172043,0,0,0,0,0,0,2.5214939640498772,-0.0079283649128074618,0,0,0,0,0,0,0,0,-1,-1,-1.3694029850746268,-0.86194029850746268,-1.3694029850746268,-0.86194029850746268,-1.3731343283582089,-0.86567164179104472,0,0,0,0,-1.3694029850746268,-0.86194029850746268,238,275,506,274,367,231
77,3080,485,-75.205291748046875,2.6990032196044922,75.253707717881142,22.1976056380452,485,-75.205291748046875,2.6990032196044922,75.253707717881142,22.1976056380452,115,-17.539627075195312,-0.39425277709960938,17.544057489337387,5.9073709726497485,115,-17.539627075195312,-0.39425277709960938,17.544057489337387,5.9073709726497485,370,-57.665664672851562,3.0932559967041016,57.748568075952385,16.299031636616121,0,0,0,0,0,0,0,0,0,0,0,0,1,1.065521688132435,-0.34149435038062137,1.1189078868354072,0,0,0,0,0,0,2.5130133441282463,-0.016523708613264132,0,0,0,0,0,0,0,0,-1,-1,-1.3694029850746268,-0.86194029850746268,-1.3694029850746268,-0.86194029850746268,-1.3731343283582089,-0.86567164179104472,0,0,0,0,-1.3694029850746268,-0.86194029850746268,238,275,506,274,367,231
78,3120,487,-67.252212524414062,11.233942031860352,68.184027037159922,41.855924900281735,487,-67.252212524414062,11.233942031860352,68.184027037159922,41.855924900281735,118,-15.426498413085938,1.2704296112060547,15.478722320849744,11.152462889549364,118,-15.426498413085938,1.2704296112060547,15.478722320849744,11.152462889549364,369,-51.825714111328125,9.9635124206542969,52.774768809589752,30.750960945319115,0,0,0,0,0,0,0,0,0,0,0,0,1,1.6685307067631356,-1.8695452396659746,2.5058320220176764,0,0,0,0,0,0,2.488446546823349,-0.0078673805489819504,0,0,0,0,0,0,0,0,-1,-1,-1.3694029850746268,-0.86194029850746268,-1.3694029850746268,-0.86194029850746268,-1.3731343283582089,-0.86567164179104472,0,0,0,0,-1.3694029850746268,-0.86194029850746268,238,275,506,274,367,231
79,3160,489,-40.05401611328125,19.512689590454102,44.554116104535275,16.742349550395431,489,-40.05401611328125,19.512689590454102,44.554116104535275,16.742349550395431,120,-9.176513671875,3.1172103881835938,9.6915119447023592,2.8003246733048028,120,-9.176513671875,3.1172103881835938,9.6915119447023592,2.8003246733048028,369,-30.87750244140625,16.395479202270508,34.960433282371284,13.943988768218576,0,0,0,0,0,0,0,0,0,0,0,0,1,-2.5741383735082195,1.5749984156537593,3.017748892018584,0,0,0,0,0,0,2.4972785830302824,0.056418848184061732,0,0,0,0,0,0,0,0,-1,-1,-1.3694029850746268,-0.86194029850746268,-1.3694029850746268,-0.86194029850746268,-1.3731343283582089,-0.86567164179104472,0,0,0,0,-1.3694029850746268,-0.86194029850746268,238,275,506,274,367,231
80,3200,490,-41.654037475585938,17.249649047851562,45.08446772771709,20.311496373243472,490,-41.654037475585938,17.249649047851562,45.08446772771709,20.311496373243472,121,-10.316192626953125,3.1680717468261719,10.791687027960005,4.8227526977727662,121,-10.316192626953125,3.1680717468261719,10.791687027960005,4.8227526977727662,369,-31.337844848632812,14.081577301025391,34.356241631495955,15.664870000773195,0,0,0,0,0,0,0,0,0,0,0,0,1,-0.32955790508032123,0.36538804415105375,0.49205369179537956,0,0,0,0,0,0,2.6012842431914724,-0.0040135993996348596,0,0,0,0,0,0,0,0,-1,-1,-1.3694029850746268,-0.86194029850746268,-1.3694029850746268,-0.86194029850746268,-1.3731343283582089,-0.86567164179104472,0,0,0,0,-1.3694029850746268,-0.86194029850746268,238,275,506,274,367,231
81,3240,491,-45.193634033203125,13.140413284301758,47.065220900462691,13.603280081632255,491,-45.193634033203125,13.140413284301758,47.065220900462691,13.603280081632255,123,-10.571441650390625,3.2247352600097656,11.052343464838755,4.6589426906062954,123,-10.571441650390625,3.2247352600097656,11.052343464838755,4.6589426906062954,368,-34.6221923828125,9.9156780242919922,36.014120509515529,9.2046835029123866,0,0,0,0,0,0,0,0,0,0,0,0,1,-0.12722998950232522,0.38004606802795138,0.40077734972459211,0,0,0,0,0,0,2.4892513842310127,-0.0014517077568363401,0,0,0,0,0,0,0,0,-1,-1,-1.3694029850746268,-0.86194029850746268,-1.3694029850746268,-0.86194029850746268,-1.3731343283582089,-0.86567164179104472,0,0,0,0,-1.3694029850746268,-0.86194029850746268,238,275,506,274,367,231
82,3280,492,-33.125503540039062,8.1538467407226562,34.114281488144137,13.167221095957085,492,-33.125503540039062,8.1538467407226562,34.114281488144137,13.167221095957085,124,-7.7237396240234375,2.1569347381591797,8.0192593950057205,2.6186460415542743,124,-7.7237396240234375,2.1569347381591797,8.0192593950057205,2.6186460415542743,368,-25.401763916015625,5.9969120025634766,26.100049111284893,10.835766824303562,0,0,0,0,0,0,0,0,0,0,0,0,1,-1.4202176937195077,1.1632834530073666,1.8358231640315195,0,0,0,0,0,0,2.5983808276777998,0.037201714136350983,0,0,0,0,0,0,0,0,-1,-1,-1.3694029850746268,-0.86194029850746268,-1.3694029850746268,-0.86194029850746268,-1.3731343283582089,-0.86567164179104472,0,0,0,0,-1.3694029850746268,-0.86194029850746268,238,275,506,274,367,231
83,3320,496,-25.484481811523438,6.2913990020751953,26.249581227234497,3.9792669118118909,496,-25.484481811523438,6.2913990020751953,26.249581227234497,3.9792669118118909,128,-5.67840576171875,1.6147994995117188,5.903547189473799,2.2446342986421537,128,-5.67840576171875,1.6147994995117188,5.903547189473799,2.2446342986421537,368,-19.806076049804688,4.6765995025634766,20.350705918911604,1.8601830965017974,0,0,0,0,0,0,0,0,0,0,0,0,1,1.0907626084669459,-0.39230983339317049,1.1591678365994258,0,0,0,0,0,0,2.5636548125037146,-0.03361071363945034,0,0,0,0,0,0,0,0,-1,-1,-1.3694029850746268,-0.86194029850746268,-1.3694029850746268,-0.86194029850746268,-1.3731343283582089,-0.86567164179104472,0,0,0,0,-1.3694029850746268,-0.86194029850746268,238,275,506,274,367,231
84,3360,495,-23.49591064453125,6.0260372161865234,24.25635878582484,2.7943172917321695,495,-23.49591064453125,6.0260372161865234,24.25635878582484,2.7943172917321695,127,-5.0163726806640625,1.82708740234375,5.3387492212236367,0.34936216549288546,127,-5.0163726806640625,1.82708740234375,5.3387492212236367,0.34936216549288546,368,-18.479537963867188,4.1989498138427734,18.95058054248415,2.6476604391075012,0,0,0,0,0,0,0,0,0,0,0,0,1,-0.19123142588694009,0.48588398358035789,0.52216156862284469,0,0,0,0,0,0,2.5311594003988991,0.0028669722675414011,0,0,0,0,0,0,0,0,-1,-1,-1.3694029850746268,-0.86194029850746268,-1.3694029850746268,-0.86194029850746268,-1.3731343283582089,-0.86567164179104472,0,0,0,0,-1.3694029850746268,-0.86194029850746268,238,275,506,274,367,231
85,3400,493,0,0,0,0,493,0,0,0,0,126,0,0,0,0,126,0,0,0,0,367,0,0,0,0,0,0,0,0,0,0,0,0,0,0,0,0,1,-0.61944872635660886,0.61789103433302728,0.8749320287279253,0,0,0,0,0,0,2.5693887570387974,0.019114678319949174,0,0,0,0,0,0,0,0,-1,-1,-1.3694029850746268,-0.86194029850746268,-1.3694029850746268,-0.86194029850746268,-1.3731343283582089,-0.86567164179104472,0,0,0,0,-1.3694029850746268,-0.86194029850746268,238,275,506,274,367,231
