"x0","y0","c0","x1","y1","c1","x2","y2","c2","x3","y3","c3","x4","y4","c4","x5","y5","c5","x6","y6","c6","x7","y7","c7","x8","y8","c8","x9","y9","c9","x10","y10","c10","x11","y11","c11","x12","y12","c12","x13","y13","c13","x14","y14","c14","x15","y15","c15","x16","y16","c16","x17","y17","c17","x18","y18","c18","x19","y19","c19","x20","y20","c20","x21","y21","c21","x22","y22","c22","x23","y23","c23","x24","y24","c24"
318.962,153.196,0.924732,326.768,265.434,0.757435,239.351,270.677,0.605768,228.88,410.334,0.750528,0,0,0,415.541,261.526,0.636459,424.733,405.092,0.807847,0,0,0,0,0,0,0,0,0,0,0,0,0,0,0,0,0,0,0,0,0,0,0,0,301.982,137.525,0.894084,337.208,133.671,0.90877,281.118,151.892,0.698894,359.439,146.697,0.819153,0,0,0,0,0,0,0,0,0,0,0,0,0,0,0,0,0,0
318.963,153.208,0.922076,326.763,264.166,0.758858,240.631,269.395,0.617633,228.882,410.335,0.754204,0,0,0,414.256,260.225,0.63861,425.967,403.832,0.813895,0,0,0,0,0,0,0,0,0,0,0,0,0,0,0,0,0,0,0,0,0,0,0,0,301.99,137.531,0.892068,337.212,133.657,0.909218,281.106,150.628,0.685029,359.418,146.681,0.820185,0,0,0,0,0,0,0,0,0,0,0,0,0,0,0,0,0,0
318.948,153.211,0.921784,326.762,265.44,0.763577,239.346,269.388,0.610693,227.635,410.306,0.752374,0,0,0,415.538,262.809,0.643055,425.971,405.076,0.815428,0,0,0,0,0,0,0,0,0,0,0,0,0,0,0,0,0,0,0,0,0,0,0,0,301.971,137.53,0.89156,337.198,133.661,0.904786,281.102,150.628,0.682268,359.406,146.697,0.822886,0,0,0,0,0,0,0,0,0,0,0,0,0,0,0,0,0,0
318.953,153.22,0.921183,326.76,265.429,0.763869,239.353,269.375,0.616293,227.625,410.287,0.761593,0,0,0,415.554,261.539,0.627997,425.972,405.076,0.815839,0,0,0,0,0,0,0,0,0,0,0,0,0,0,0,0,0,0,0,0,0,0,0,0,301.976,137.545,0.891838,337.214,133.662,0.906587,281.114,150.634,0.693677,359.43,146.654,0.781698,0,0,0,0,0,0,0,0,0,0,0,0,0,0,0,0,0,0
318.95,153.222,0.919361,326.769,265.41,0.767961,239.378,269.355,0.615983,228.889,409.022,0.738789,0,0,0,415.568,261.527,0.635926,425.958,405.135,0.812817,0,0,0,0,0,0,0,0,0,0,0,0,0,0,0,0,0,0,0,0,0,0,0,0,301.973,137.554,0.892692,337.208,133.658,0.904054,281.109,151.884,0.696002,359.41,145.392,0.789484,0,0,0,0,0,0,0,0,0,0,0,0,0,0,0,0,0,0
318.951,153.222,0.919626,326.77,264.164,0.764276,240.655,268.097,0.620431,227.595,408.988,0.766275,0,0,0,415.542,260.231,0.638668,424.73,405.145,0.804213,0,0,0,0,0,0,0,0,0,0,0,0,0,0,0,0,0,0,0,0,0,0,0,0,301.977,137.557,0.892549,337.208,133.662,0.903725,281.105,151.884,0.683843,359.407,146.656,0.769196,0,0,0,0,0,0,0,0,0,0,0,0,0,0,0,0,0,0
318.952,153.236,0.916481,326.761,264.169,0.76735,239.375,269.345,0.632848,227.636,410.302,0.754711,0,0,0,415.534,260.253,0.629384,425.961,406.381,0.805256,0,0,0,0,0,0,0,0,0,0,0,0,0,0,0,0,0,0,0,0,0,0,0,0,301.972,137.555,0.891169,337.199,133.673,0.90186,281.112,151.896,0.701371,359.405,146.662,0.77501,0,0,0,0,0,0,0,0,0,0,0,0,0,0,0,0,0,0
318.944,153.231,0.918027,325.517,265.428,0.75644,239.347,269.397,0.617062,227.614,409,0.760763,0,0,0,415.523,261.509,0.629451,425.97,405.113,0.811037,0,0,0,0,0,0,0,0,0,0,0,0,0,0,0,0,0,0,0,0,0,0,0,0,301.978,137.571,0.893064,337.19,133.665,0.902421,281.104,151.89,0.700422,359.399,146.67,0.774225,0,0,0,0,0,0,0,0,0,0,0,0,0,0,0,0,0,0
318.943,153.231,0.918224,325.483,264.164,0.759282,239.325,269.383,0.620384,227.619,409.015,0.763583,0,0,0,414.265,260.242,0.624128,425.969,405.099,0.81479,0,0,0,0,0,0,0,0,0,0,0,0,0,0,0,0,0,0,0,0,0,0,0,0,301.979,137.563,0.893325,337.183,133.67,0.900403,281.104,151.893,0.691812,359.4,145.408,0.767955,0,0,0,0,0,0,0,0,0,0,0,0,0,0,0,0,0,0
318.948,153.233,0.917399,325.501,265.414,0.764234,239.354,269.37,0.625766,227.624,409.039,0.77084,0,0,0,415.526,260.251,0.637094,425.982,403.798,0.820159,0,0,0,0,0,0,0,0,0,0,0,0,0,0,0,0,0,0,0,0,0,0,0,0,301.975,137.56,0.892521,337.191,133.674,0.900692,281.094,151.91,0.691743,359.402,146.66,0.771572,0,0,0,0,0,0,0,0,0,0,0,0,0,0,0,0,0,0
318.946,153.235,0.918186,326.748,265.423,0.768648,240.633,269.359,0.632178,227.628,409.052,0.764452,0,0,0,414.272,261.511,0.626926,425.971,403.821,0.815526,0,0,0,0,0,0,0,0,0,0,0,0,0,0,0,0,0,0,0,0,0,0,0,0,301.968,137.559,0.890885,337.193,133.674,0.900592,281.112,151.93,0.686503,359.41,146.66,0.770618,0,0,0,0,0,0,0,0,0,0,0,0,0,0,0,0,0,0
318.948,153.234,0.918101,325.518,265.49,0.764837,239.335,270.678,0.616139,227.642,411.603,0.777223,0,0,0,415.551,262.829,0.624204,425.972,403.842,0.815284,0,0,0,0,0,0,0,0,0,0,0,0,0,0,0,0,0,0,0,0,0,0,0,0,301.97,137.555,0.891301,337.19,134.9,0.90059,281.109,151.924,0.696962,359.402,146.671,0.778203,0,0,0,0,0,0,0,0,0,0,0,0,0,0,0,0,0,0
318.96,153.248,0.912984,326.786,266.719,0.769477,239.33,270.678,0.618195,227.609,410.359,0.796277,0,0,0,415.572,264.122,0.620765,424.71,405.092,0.818922,0,0,0,0,0,0,0,0,0,0,0,0,0,0,0,0,0,0,0,0,0,0,0,0,301.98,137.572,0.893584,337.209,133.672,0.903772,281.096,153.179,0.694125,358.154,146.687,0.782863,0,0,0,0,0,0,0,0,0,0,0,0,0,0,0,0,0,0
318.961,153.248,0.91203,326.819,266.727,0.775921,240.636,269.391,0.613133,227.613,410.349,0.797909,0,0,0,416.855,264.143,0.620016,424.719,405.095,0.816278,0,0,0,0,0,0,0,0,0,0,0,0,0,0,0,0,0,0,0,0,0,0,0,0,301.977,137.569,0.892062,337.207,133.671,0.903603,281.096,151.937,0.688524,358.156,146.68,0.782262,0,0,0,0,0,0,0,0,0,0,0,0,0,0,0,0,0,0
318.959,153.243,0.913756,326.768,265.463,0.773618,239.342,270.679,0.614238,227.576,410.346,0.805627,0,0,0,416.837,262.818,0.62046,424.722,403.838,0.819014,0,0,0,0,0,0,0,0,0,0,0,0,0,0,0,0,0,0,0,0,0,0,0,0,301.976,137.573,0.893247,337.204,133.671,0.90343,281.09,151.93,0.694187,359.38,146.699,0.781428,0,0,0,0,0,0,0,0,0,0,0,0,0,0,0,0,0,0
318.964,153.244,0.912099,326.782,265.442,0.767913,239.359,270.657,0.61997,227.567,410.316,0.80847,0,0,0,416.85,262.807,0.620677,425.954,403.809,0.822576,0,0,0,0,0,0,0,0,0,0,0,0,0,0,0,0,0,0,0,0,0,0,0,0,301.988,137.578,0.8928,337.203,133.672,0.902845,281.091,153.171,0.690942,359.378,146.701,0.780345,0,0,0,0,0,0,0,0,0,0,0,0,0,0,0,0,0,0
318.969,153.244,0.910339,326.788,265.473,0.763399,239.371,270.662,0.622082,227.585,410.292,0.803972,0,0,0,416.827,262.809,0.624045,425.959,403.812,0.814758,0,0,0,0,0,0,0,0,0,0,0,0,0,0,0,0,0,0,0,0,0,0,0,0,301.977,138.797,0.893256,337.204,133.669,0.902807,281.093,153.184,0.676397,359.384,146.711,0.778647,0,0,0,0,0,0,0,0,0,0,0,0,0,0,0,0,0,0
318.973,153.246,0.908802,326.777,265.442,0.762786,240.658,269.399,0.626287,227.575,409.047,0.808595,0,0,0,415.559,261.546,0.622696,424.733,403.802,0.818549,0,0,0,0,0,0,0,0,0,0,0,0,0,0,0,0,0,0,0,0,0,0,0,0,301.984,137.576,0.892963,337.21,133.667,0.904138,281.106,153.195,0.693925,359.383,146.708,0.778907,0,0,0,0,0,0,0,0,0,0,0,0,0,0,0,0,0,0
318.974,153.25,0.905996,326.81,265.46,0.768429,241.932,269.366,0.627297,227.586,410.313,0.808551,0,0,0,415.575,262.807,0.620501,424.732,403.795,0.81653,0,0,0,0,0,0,0,0,0,0,0,0,0,0,0,0,0,0,0,0,0,0,0,0,301.985,137.576,0.894129,337.207,133.666,0.903854,281.099,153.189,0.689795,359.383,146.697,0.786551,0,0,0,0,0,0,0,0,0,0,0,0,0,0,0,0,0,0
318.977,153.246,0.90569,326.8,265.478,0.773225,240.642,270.654,0.623673,227.581,410.308,0.805541,0,0,0,415.571,262.831,0.622702,424.729,403.825,0.817377,0,0,0,0,0,0,0,0,0,0,0,0,0,0,0,0,0,0,0,0,0,0,0,0,301.981,137.575,0.89382,337.21,133.663,0.903739,281.094,153.184,0.689544,359.388,146.701,0.786891,0,0,0,0,0,0,0,0,0,0,0,0,0,0,0,0,0,0
318.973,153.252,0.906107,326.786,265.476,0.772836,240.658,270.647,0.637223,227.607,411.6,0.809554,0,0,0,415.531,262.819,0.618121,424.724,403.804,0.812079,0,0,0,0,0,0,0,0,0,0,0,0,0,0,0,0,0,0,0,0,0,0,0,0,301.978,138.799,0.894821,337.208,133.674,0.901408,281.096,153.171,0.682644,359.383,146.678,0.793419,0,0,0,0,0,0,0,0,0,0,0,0,0,0,0,0,0,0
318.975,154.478,0.90666,326.769,265.457,0.762246,241.934,269.371,0.639022,227.589,410.312,0.808644,0,0,0,415.53,262.812,0.617237,424.732,403.768,0.819889,0,0,0,0,0,0,0,0,0,0,0,0,0,0,0,0,0,0,0,0,0,0,0,0,301.988,138.805,0.895207,337.204,134.927,0.901512,281.115,151.935,0.679856,359.394,146.656,0.776523,0,0,0,0,0,0,0,0,0,0,0,0,0,0,0,0,0,0
318.98,153.244,0.906309,326.768,265.433,0.761119,241.933,269.363,0.63363,228.875,411.636,0.804072,0,0,0,415.52,261.536,0.6188,424.73,403.765,0.823505,0,0,0,0,0,0,0,0,0,0,0,0,0,0,0,0,0,0,0,0,0,0,0,0,301.976,137.578,0.893013,337.21,134.903,0.902114,281.106,151.922,0.684312,359.391,146.649,0.773301,0,0,0,0,0,0,0,0,0,0,0,0,0,0,0,0,0,0
318.98,153.245,0.905756,326.762,265.448,0.764351,240.674,270.643,0.631039,228.873,411.644,0.807552,0,0,0,414.265,261.505,0.627319,424.724,402.538,0.820213,0,0,0,0,0,0,0,0,0,0,0,0,0,0,0,0,0,0,0,0,0,0,0,0,301.98,137.577,0.892892,337.206,134.898,0.899796,281.111,151.922,0.691596,359.394,145.404,0.777512,0,0,0,0,0,0,0,0,0,0,0,0,0,0,0,0,0,0
318.961,153.228,0.920483,325.505,265.472,0.748629,239.365,270.665,0.611438,227.606,410.305,0.815405,0,0,0,415.528,262.818,0.625718,425.958,405.095,0.813345,0,0,0,0,0,0,0,0,0,0,0,0,0,0,0,0,0,0,0,0,0,0,0,0,301.977,137.57,0.896568,337.2,134.926,0.904654,281.092,153.176,0.672404,359.43,146.663,0.790658,0,0,0,0,0,0,0,0,0,0,0,0,0,0,0,0,0,0
318.964,153.229,0.918964,326.759,265.47,0.751683,239.367,270.653,0.61675,227.617,410.31,0.81524,0,0,0,415.527,261.543,0.635205,425.959,403.828,0.81731,0,0,0,0,0,0,0,0,0,0,0,0,0,0,0,0,0,0,0,0,0,0,0,0,301.973,137.571,0.896208,337.2,134.925,0.903184,281.094,153.179,0.675715,359.436,146.663,0.791075,0,0,0,0,0,0,0,0,0,0,0,0,0,0,0,0,0,0
318.96,153.23,0.92007,326.771,265.47,0.756749,239.365,270.67,0.610173,227.608,410.323,0.813338,0,0,0,415.539,261.565,0.630206,425.958,403.838,0.817698,0,0,0,0,0,0,0,0,0,0,0,0,0,0,0,0,0,0,0,0,0,0,0,0,301.977,137.57,0.897238,337.2,134.927,0.903548,281.1,153.195,0.678162,359.429,146.672,0.796539,0,0,0,0,0,0,0,0,0,0,0,0,0,0,0,0,0,0
318.968,153.228,0.917743,326.773,265.433,0.755233,241.935,269.339,0.629971,227.63,410.35,0.809011,0,0,0,415.523,261.545,0.630876,425.96,403.817,0.826321,0,0,0,0,0,0,0,0,0,0,0,0,0,0,0,0,0,0,0,0,0,0,0,0,301.989,137.563,0.895022,337.199,134.922,0.903406,281.106,151.933,0.672044,359.415,146.65,0.802549,0,0,0,0,0,0,0,0,0,0,0,0,0,0,0,0,0,0
318.967,153.237,0.917742,326.751,264.173,0.75553,241.947,268.059,0.638912,227.637,410.323,0.799448,0,0,0,414.253,261.513,0.626412,425.965,403.815,0.824579,0,0,0,0,0,0,0,0,0,0,0,0,0,0,0,0,0,0,0,0,0,0,0,0,301.979,137.575,0.895195,337.199,134.926,0.904609,281.108,153.18,0.671732,359.399,145.404,0.806436,0,0,0,0,0,0,0,0,0,0,0,0,0,0,0,0,0,0
318.969,153.232,0.916704,325.512,265.417,0.750114,240.668,269.345,0.63041,227.638,410.315,0.803196,0,0,0,415.524,261.536,0.621962,425.963,403.806,0.822854,0,0,0,0,0,0,0,0,0,0,0,0,0,0,0,0,0,0,0,0,0,0,0,0,301.984,137.57,0.893535,337.198,134.912,0.904574,281.109,153.182,0.668136,359.397,146.648,0.804788,0,0,0,0,0,0,0,0,0,0,0,0,0,0,0,0,0,0
318.969,153.231,0.916553,326.754,265.421,0.74894,240.664,269.381,0.628543,227.642,410.319,0.799049,0,0,0,415.517,260.247,0.626806,425.97,403.804,0.821839,0,0,0,0,0,0,0,0,0,0,0,0,0,0,0,0,0,0,0,0,0,0,0,0,301.982,137.572,0.893056,337.211,134.924,0.90447,281.107,153.181,0.666761,359.405,146.666,0.806093,0,0,0,0,0,0,0,0,0,0,0,0,0,0,0,0,0,0
318.972,153.231,0.915567,326.779,265.454,0.752611,240.677,269.367,0.620013,227.632,410.297,0.798452,0,0,0,415.551,261.563,0.629859,424.719,403.805,0.820946,0,0,0,0,0,0,0,0,0,0,0,0,0,0,0,0,0,0,0,0,0,0,0,0,301.993,137.563,0.893526,337.211,134.923,0.90403,281.113,153.197,0.669249,359.406,146.669,0.805512,0,0,0,0,0,0,0,0,0,0,0,0,0,0,0,0,0,0
318.968,153.235,0.914965,326.773,265.474,0.753621,240.674,269.395,0.619557,227.625,410.313,0.803407,0,0,0,415.563,262.812,0.620619,424.733,403.802,0.819378,0,0,0,0,0,0,0,0,0,0,0,0,0,0,0,0,0,0,0,0,0,0,0,0,301.988,137.566,0.894826,337.211,134.923,0.904248,281.119,153.187,0.674863,359.433,146.684,0.806395,0,0,0,0,0,0,0,0,0,0,0,0,0,0,0,0,0,0
318.974,153.245,0.912712,326.783,265.458,0.755753,241.938,269.371,0.629154,227.635,410.324,0.803879,0,0,0,415.538,261.538,0.625833,425.954,403.808,0.816707,0,0,0,0,0,0,0,0,0,0,0,0,0,0,0,0,0,0,0,0,0,0,0,0,301.991,137.567,0.894143,337.216,134.922,0.903706,281.11,153.173,0.674965,359.462,146.677,0.799834,0,0,0,0,0,0,0,0,0,0,0,0,0,0,0,0,0,0
318.968,153.239,0.914813,326.779,265.483,0.759109,241.931,269.374,0.62263,227.634,410.351,0.803743,0,0,0,414.27,261.563,0.622666,425.966,403.791,0.823772,0,0,0,0,0,0,0,0,0,0,0,0,0,0,0,0,0,0,0,0,0,0,0,0,301.986,137.565,0.894184,337.216,134.92,0.903325,281.112,153.184,0.671157,359.457,146.69,0.79868,0,0,0,0,0,0,0,0,0,0,0,0,0,0,0,0,0,0
318.973,153.243,0.915015,326.764,265.466,0.756269,240.672,269.398,0.624132,227.632,411.595,0.805694,0,0,0,415.529,262.82,0.627057,425.975,403.778,0.824433,0,0,0,0,0,0,0,0,0,0,0,0,0,0,0,0,0,0,0,0,0,0,0,0,301.989,137.567,0.894478,337.209,134.92,0.903235,281.118,151.938,0.679301,359.454,146.66,0.806558,0,0,0,0,0,0,0,0,0,0,0,0,0,0,0,0,0,0
319.005,153.254,0.904001,326.783,265.44,0.770223,241.938,269.363,0.627231,228.88,411.655,0.800814,0,0,0,415.519,261.528,0.635207,424.708,405.1,0.813318,0,0,0,0,0,0,0,0,0,0,0,0,0,0,0,0,0,0,0,0,0,0,0,0,302.01,137.578,0.896755,337.208,134.898,0.906233,281.11,151.921,0.679401,359.429,146.645,0.789805,0,0,0,0,0,0,0,0,0,0,0,0,0,0,0,0,0,0
319.002,154.489,0.905462,326.774,265.433,0.76998,240.681,269.367,0.63395,228.884,412.905,0.796781,0,0,0,414.27,261.513,0.637334,424.714,403.832,0.81346,0,0,0,0,0,0,0,0,0,0,0,0,0,0,0,0,0,0,0,0,0,0,0,0,302.005,138.802,0.897728,337.207,134.909,0.905596,281.111,151.922,0.682322,359.427,146.646,0.787862,0,0,0,0,0,0,0,0,0,0,0,0,0,0,0,0,0,0
318.995,154.488,0.906056,326.772,265.443,0.765763,240.678,269.379,0.626322,228.884,411.664,0.800826,0,0,0,414.263,261.507,0.635624,424.719,403.777,0.821855,0,0,0,0,0,0,0,0,0,0,0,0,0,0,0,0,0,0,0,0,0,0,0,0,302.006,138.797,0.895378,337.207,133.673,0.904732,281.118,151.936,0.68762,359.431,146.684,0.792852,0,0,0,0,0,0,0,0,0,0,0,0,0,0,0,0,0,0
318.998,154.491,0.903877,326.767,265.409,0.765885,240.675,269.359,0.62955,227.64,411.651,0.807672,0,0,0,414.271,260.259,0.633171,424.706,403.778,0.823368,0,0,0,0,0,0,0,0,0,0,0,0,0,0,0,0,0,0,0,0,0,0,0,0,302.002,137.573,0.89383,337.208,133.674,0.905454,281.111,151.917,0.678693,359.431,146.666,0.795705,0,0,0,0,0,0,0,0,0,0,0,0,0,0,0,0,0,0
319.002,154.486,0.903019,325.512,264.168,0.754396,240.658,269.389,0.625473,227.64,411.668,0.809815,0,0,0,414.227,258.959,0.642746,424.713,402.54,0.8202,0,0,0,0,0,0,0,0,0,0,0,0,0,0,0,0,0,0,0,0,0,0,0,0,302.008,137.579,0.894751,337.202,133.669,0.906036,281.115,151.917,0.684857,359.39,146.647,0.79561,0,0,0,0,0,0,0,0,0,0,0,0,0,0,0,0,0,0
318.987,154.49,0.908806,325.495,264.153,0.756562,240.672,269.384,0.629033,227.642,412.91,0.811302,0,0,0,412.961,258.931,0.648777,424.713,402.523,0.827701,0,0,0,0,0,0,0,0,0,0,0,0,0,0,0,0,0,0,0,0,0,0,0,0,301.981,138.806,0.898773,337.198,133.674,0.902998,281.098,153.175,0.674247,359.385,145.408,0.789923,0,0,0,0,0,0,0,0,0,0,0,0,0,0,0,0,0,0
318.987,154.493,0.90755,325.507,264.153,0.756305,240.676,269.379,0.625898,228.872,411.656,0.80579,0,0,0,412.943,258.918,0.646356,424.717,402.507,0.82446,0,0,0,0,0,0,0,0,0,0,0,0,0,0,0,0,0,0,0,0,0,0,0,0,301.982,138.814,0.900819,337.189,133.672,0.902968,281.096,153.174,0.680819,358.156,145.391,0.789108,0,0,0,0,0,0,0,0,0,0,0,0,0,0,0,0,0,0
318.975,154.49,0.912297,326.758,265.413,0.760726,240.664,269.391,0.630984,228.874,412.898,0.804199,0,0,0,414.228,258.953,0.642482,425.961,402.504,0.823649,0,0,0,0,0,0,0,0,0,0,0,0,0,0,0,0,0,0,0,0,0,0,0,0,301.984,138.805,0.900097,335.964,133.675,0.902248,281.112,151.938,0.677692,359.379,145.387,0.787749,0,0,0,0,0,0,0,0,0,0,0,0,0,0,0,0,0,0
318.979,154.489,0.915172,325.509,264.171,0.757664,240.64,270.642,0.620686,227.634,411.633,0.802513,0,0,0,414.238,258.933,0.637562,425.954,402.532,0.812841,0,0,0,0,0,0,0,0,0,0,0,0,0,0,0,0,0,0,0,0,0,0,0,0,301.987,138.816,0.902792,335.963,134.912,0.903864,281.122,153.19,0.686779,358.152,145.401,0.795086,0,0,0,0,0,0,0,0,0,0,0,0,0,0,0,0,0,0
318.983,154.481,0.911627,326.751,264.179,0.759053,240.676,269.384,0.635117,227.634,411.638,0.805866,0,0,0,414.239,260.208,0.643946,425.958,402.518,0.818329,0,0,0,0,0,0,0,0,0,0,0,0,0,0,0,0,0,0,0,0,0,0,0,0,301.993,138.805,0.90067,337.183,134.908,0.902771,281.134,153.184,0.697361,358.149,146.66,0.797902,0,0,0,0,0,0,0,0,0,0,0,0,0,0,0,0,0,0
318.976,154.483,0.91232,325.517,265.41,0.758144,240.65,270.668,0.626438,227.641,411.655,0.801742,0,0,0,414.254,258.948,0.646591,425.962,402.513,0.826049,0,0,0,0,0,0,0,0,0,0,0,0,0,0,0,0,0,0,0,0,0,0,0,0,301.992,138.799,0.897652,337.182,134.91,0.90186,281.137,153.175,0.690773,358.153,146.654,0.799213,0,0,0,0,0,0,0,0,0,0,0,0,0,0,0,0,0,0
318.976,154.477,0.911839,325.49,264.178,0.749866,240.629,270.678,0.624106,227.638,411.638,0.801723,0,0,0,414.233,258.922,0.634255,425.964,402.52,0.820526,0,0,0,0,0,0,0,0,0,0,0,0,0,0,0,0,0,0,0,0,0,0,0,0,301.983,138.803,0.899915,337.182,134.91,0.90202,281.136,153.184,0.697506,359.381,146.66,0.796952,0,0,0,0,0,0,0,0,0,0,0,0,0,0,0,0,0,0
318.972,153.234,0.921021,325.493,265.415,0.758547,240.681,269.357,0.637696,228.872,409.048,0.774741,0,0,0,414.219,261.526,0.619918,425.975,406.426,0.806535,0,0,0,0,0,0,0,0,0,0,0,0,0,0,0,0,0,0,0,0,0,0,0,0,302.033,138.809,0.896073,337.196,134.904,0.90265,281.149,150.622,0.715143,359.38,145.406,0.780767,0,0,0,0,0,0,0,0,0,0,0,0,0,0,0,0,0,0
318.969,153.234,0.921198,325.485,265.43,0.757073,240.648,269.373,0.625026,228.872,410.301,0.777644,0,0,0,414.236,261.548,0.622054,425.966,406.436,0.800963,0,0,0,0,0,0,0,0,0,0,0,0,0,0,0,0,0,0,0,0,0,0,0,0,302.029,138.806,0.895364,337.196,134.905,0.902067,282.381,150.616,0.707342,359.381,145.4,0.7818,0,0,0,0,0,0,0,0,0,0,0,0,0,0,0,0,0,0
318.965,153.236,0.92024,325.488,265.421,0.755894,240.666,269.344,0.631503,227.632,409.039,0.780909,0,0,0,414.243,261.539,0.613094,425.975,406.427,0.798393,0,0,0,0,0,0,0,0,0,0,0,0,0,0,0,0,0,0,0,0,0,0,0,0,302.027,138.803,0.894646,337.188,134.9,0.899663,282.383,150.608,0.70198,359.398,145.372,0.784152,0,0,0,0,0,0,0,0,0,0,0,0,0,0,0,0,0,0
318.978,153.235,0.915884,325.488,265.41,0.751832,240.642,269.366,0.634751,227.644,409.042,0.780064,0,0,0,414.231,261.51,0.606657,425.975,406.424,0.802657,0,0,0,0,0,0,0,0,0,0,0,0,0,0,0,0,0,0,0,0,0,0,0,0,302.031,138.797,0.89024,337.205,134.903,0.902551,281.146,150.59,0.708603,359.414,145.386,0.790197,0,0,0,0,0,0,0,0,0,0,0,0,0,0,0,0,0,0
318.989,153.234,0.914339,325.465,265.457,0.748412,239.357,270.67,0.618911,227.626,410.3,0.786926,0,0,0,414.239,261.562,0.613464,425.968,406.39,0.803082,0,0,0,0,0,0,0,0,0,0,0,0,0,0,0,0,0,0,0,0,0,0,0,0,302.032,137.572,0.890742,337.212,134.909,0.904193,281.137,150.593,0.699478,359.418,145.384,0.791213,0,0,0,0,0,0,0,0,0,0,0,0,0,0,0,0,0,0
318.989,153.233,0.915042,325.496,265.451,0.757024,240.629,269.4,0.62336,227.628,410.287,0.782865,0,0,0,414.262,262.828,0.617565,425.971,406.395,0.80636,0,0,0,0,0,0,0,0,0,0,0,0,0,0,0,0,0,0,0,0,0,0,0,0,302.033,137.574,0.891146,337.209,134.912,0.904384,281.142,150.6,0.700397,359.417,145.356,0.792889,0,0,0,0,0,0,0,0,0,0,0,0,0,0,0,0,0,0
319.005,153.246,0.910263,325.482,265.447,0.755701,239.361,270.68,0.618424,227.635,410.321,0.786328,0,0,0,414.257,261.543,0.619456,424.73,405.133,0.801419,0,0,0,0,0,0,0,0,0,0,0,0,0,0,0,0,0,0,0,0,0,0,0,0,302.027,138.813,0.89439,337.224,134.929,0.906668,281.127,150.619,0.702335,359.433,145.35,0.78511,0,0,0,0,0,0,0,0,0,0,0,0,0,0,0,0,0,0
319.005,153.247,0.910547,325.513,265.431,0.756375,239.375,270.668,0.620968,227.64,410.307,0.786907,0,0,0,415.518,261.548,0.619684,425.97,405.139,0.803049,0,0,0,0,0,0,0,0,0,0,0,0,0,0,0,0,0,0,0,0,0,0,0,0,302.024,138.81,0.894038,337.223,134.929,0.905817,281.134,150.624,0.699703,359.416,145.347,0.809135,0,0,0,0,0,0,0,0,0,0,0,0,0,0,0,0,0,0
319.007,153.239,0.912027,325.516,265.441,0.760141,240.628,270.643,0.622887,227.636,410.294,0.781429,0,0,0,415.525,261.549,0.618768,425.96,406.397,0.80496,0,0,0,0,0,0,0,0,0,0,0,0,0,0,0,0,0,0,0,0,0,0,0,0,302.027,138.812,0.893909,337.233,134.929,0.907485,281.142,150.63,0.69717,359.425,144.108,0.820268,0,0,0,0,0,0,0,0,0,0,0,0,0,0,0,0,0,0
319.014,153.238,0.908307,326.749,265.428,0.761639,239.368,269.396,0.61885,226.324,407.724,0.793869,0,0,0,415.567,262.822,0.62844,425.979,403.836,0.806209,0,0,0,0,0,0,0,0,0,0,0,0,0,0,0,0,0,0,0,0,0,0,0,0,302.026,138.815,0.895447,337.238,134.914,0.908847,282.381,150.634,0.699177,359.428,144.098,0.818811,0,0,0,0,0,0,0,0,0,0,0,0,0,0,0,0,0,0
320.244,153.21,0.91027,325.503,265.434,0.751126,240.633,270.644,0.625684,227.566,409.046,0.793049,0,0,0,415.536,261.525,0.621317,427.265,403.803,0.810008,0,0,0,0,0,0,0,0,0,0,0,0,0,0,0,0,0,0,0,0,0,0,0,0,302.028,137.562,0.890861,337.244,134.898,0.913063,282.382,150.634,0.697305,359.437,144.084,0.817568,0,0,0,0,0,0,0,0,0,0,0,0,0,0,0,0,0,0
320.251,153.192,0.912785,325.504,265.461,0.755123,239.372,270.672,0.62697,224.958,410.324,0.808378,0,0,0,415.555,261.562,0.620698,428.611,402.472,0.825838,0,0,0,0,0,0,0,0,0,0,0,0,0,0,0,0,0,0,0,0,0,0,0,0,303.272,137.524,0.887271,337.252,133.632,0.920798,282.412,150.578,0.712108,359.435,144.041,0.814573,0,0,0,0,0,0,0,0,0,0,0,0,0,0,0,0,0,0
320.248,153.166,0.920169,328.07,265.457,0.77268,239.378,270.67,0.618251,222.337,407.738,0.802249,0,0,0,416.823,261.531,0.639486,432.483,401.221,0.830756,0,0,0,0,0,0,0,0,0,0,0,0,0,0,0,0,0,0,0,0,0,0,0,0,302.03,136.271,0.883072,338.485,133.626,0.924195,281.146,151.897,0.691443,359.467,144.097,0.807335,0,0,0,0,0,0,0,0,0,0,0,0,0,0,0,0,0,0
320.255,151.875,0.932015,326.83,265.443,0.763993,239.343,270.675,0.60695,218.497,402.526,0.795151,0,0,0,416.823,260.254,0.646322,433.82,397.269,0.818391,0,0,0,0,0,0,0,0,0,0,0,0,0,0,0,0,0,0,0,0,0,0,0,0,303.268,134.971,0.877668,338.488,132.343,0.933068,281.143,150.596,0.691447,360.686,144.075,0.809298,0,0,0,0,0,0,0,0,0,0,0,0,0,0,0,0,0,0
320.265,149.311,0.917518,326.807,264.157,0.767565,239.359,269.362,0.622976,213.214,393.361,0.816941,0,0,0.692943,415.543,258.95,0.649996,439.057,390.704,0.810671,0,0,0.756944,0,0,0,0,0,0,0,0,0,0,0,0,0,0,0,0,0,0,0,0,0,302.033,133.632,0.893238,338.498,131.026,0.942823,282.38,150.591,0.716713,359.456,142.804,0.807838,0,0,0,0,0,0,0,0,0,0,0,0,0,0,0,0,0,0
320.272,149.28,0.90772,326.774,264.146,0.760938,239.329,269.352,0.623323,210.642,401.169,0.70986,0,0,0.616739,415.541,258.903,0.656118,444.238,384.257,0.799049,0,0,0.464524,0,0,0,0,0,0,0,0,0,0,0,0,0,0,0,0,0,0,0,0,0,303.286,132.362,0.902003,338.504,130.989,0.943321,281.151,149.3,0.719432,360.69,142.778,0.814508,0,0,0,0,0,0,0,0,0,0,0,0,0,0,0,0,0,0
320.296,149.285,0.904709,326.756,264.107,0.757572,238.073,268.083,0.630342,205.417,402.473,0.711293,0,0,0.660904,416.821,258.925,0.646844,446.902,385.535,0.736843,0,0,0.726691,0,0,0,0,0,0,0,0,0,0,0,0,0,0,0,0,0,0,0,0,0,303.294,132.347,0.902363,338.515,130.997,0.943631,282.384,149.276,0.730465,359.467,142.78,0.806765,0,0,0,0,0,0,0,0,0,0,0,0,0,0,0,0,0,0
320.317,149.305,0.905915,325.511,261.558,0.763227,239.337,266.755,0.630721,202.821,407.74,0.629013,0,0,0.575083,415.534,257.612,0.654551,454.693,393.363,0.732224,0,0,0.721614,0,0,0,0,0,0,0,0,0,0,0,0,0,0,0,0,0,0,0,0,0,303.335,132.358,0.896145,338.526,131.019,0.942992,282.391,149.297,0.731479,360.696,142.766,0.809869,0,0,0,0,0,0,0,0,0,0,0,0,0,0,0,0,0,0
321.581,150.567,0.904761,326.753,261.529,0.762807,239.351,265.474,0.640848,197.589,411.644,0.711414,0,0,0.68613,415.526,257.613,0.645344,457.342,397.273,0.677781,0,0,0.662661,0,0,0,0,0,0,0,0,0,0,0,0,0,0,0,0,0,0,0,0,0,304.61,133.607,0.89257,338.543,131.05,0.939573,282.434,149.3,0.749479,360.71,142.771,0.807986,0,0,0,0,0,0,0,0,0,0,0,0,0,0,0,0,0,0
322.908,150.614,0.901924,326.762,261.535,0.755563,240.636,265.435,0.617727,193.669,412.944,0.744397,0,0,0.771197,415.546,257.63,0.647664,462.524,403.803,0.73772,0,0,0.825928,0,0,0,0,0,0,0,0,0,0,0,0,0,0,0,0,0,0,0,0,0,305.891,134.896,0.890021,338.587,132.295,0.927444,282.444,150.579,0.758699,360.739,144.067,0.785231,0,0,0,0,0,0,0,0,0,0,0,0,0,0,0,0,0,0
324.168,151.878,0.899781,326.769,261.504,0.752124,239.339,265.477,0.617458,192.382,411.666,0.777021,0,0,0.77621,415.535,256.338,0.644371,463.798,405.116,0.769962,0,0,0.793695,0,0,0,0,0,0,0,0,0,0,0,0,0,0,0,0,0,0,0,0,0,305.868,134.953,0.880332,339.805,132.305,0.925262,282.416,150.621,0.747079,360.75,144.108,0.76775,0,0,0,0,0,0,0,0,0,0,0,0,0,0,0,0,0,0
324.19,151.902,0.899949,326.763,260.243,0.760545,239.355,265.456,0.615672,191.07,411.629,0.749962,0,0,0.72953,415.537,256.32,0.648507,463.809,405.084,0.786461,0,0,0.816321,0,0,0,0,0,0,0,0,0,0,0,0,0,0,0,0,0,0,0,0,0,305.892,134.968,0.883111,339.828,132.306,0.921173,282.432,150.618,0.752362,360.764,144.088,0.764991,0,0,0,0,0,0,0,0,0,0,0,0,0,0,0,0,0,0
324.2,151.911,0.902502,325.518,260.246,0.763453,239.363,265.475,0.612565,191.056,410.35,0.742684,0,0,0.731064,414.262,256.32,0.646402,462.568,405.081,0.794213,0,0,0.790475,0,0,0,0,0,0,0,0,0,0,0,0,0,0,0,0,0,0,0,0,0,305.906,134.967,0.883753,339.825,132.315,0.922551,282.44,150.633,0.743032,360.76,144.092,0.757501,0,0,0,0,0,0,0,0,0,0,0,0,0,0,0,0,0,0
324.211,151.923,0.902359,326.776,261.5,0.770844,239.365,266.733,0.617123,191.042,411.629,0.765012,0,0,0.746914,416.819,256.348,0.647845,462.506,403.811,0.789081,0,0,0.799232,0,0,0,0,0,0,0,0,0,0,0,0,0,0,0,0,0,0,0,0,0,305.907,136.201,0.883029,339.823,132.318,0.923973,282.431,151.891,0.734307,360.76,144.06,0.758369,0,0,0,0,0,0,0,0,0,0,0,0,0,0,0,0,0,0
325.452,151.955,0.915093,325.495,261.541,0.761438,239.322,266.748,0.637915,191.084,412.902,0.79254,0,0,0.795222,415.554,257.614,0.640928,459.916,405.137,0.794391,0,0,0.79813,0,0,0,0,0,0,0,0,0,0,0,0,0,0,0,0,0,0,0,0,0,307.17,136.246,0.892739,339.855,132.37,0.923466,282.432,150.589,0.731791,360.761,142.81,0.768946,0,0,0,0,0,0,0,0,0,0,0,0,0,0,0,0,0,0
325.453,153.168,0.915135,325.504,260.249,0.757404,238.064,266.746,0.628803,191.068,412.938,0.776698,0,0,0.792063,415.527,256.326,0.637141,458.631,407.678,0.791935,0,0,0.808276,0,0,0,0,0,0,0,0,0,0,0,0,0,0,0,0,0,0,0,0,0,307.178,136.248,0.89709,339.856,132.372,0.922161,282.439,150.592,0.735637,360.766,142.804,0.769617,0,0,0,0,0,0,0,0,0,0,0,0,0,0,0,0,0,0
325.474,151.955,0.917477,326.782,261.537,0.766702,239.348,265.483,0.625809,191.051,412.918,0.794264,0,0,0.796131,416.861,257.657,0.645221,458.618,406.435,0.80002,0,0,0.827989,0,0,0,0,0,0,0,0,0,0,0,0,0,0,0,0,0,0,0,0,0,307.173,136.257,0.894865,339.866,133.599,0.918661,282.432,150.621,0.733199,360.757,144.068,0.744743,0,0,0,0,0,0,0,0,0,0,0,0,0,0,0,0,0,0
325.487,153.169,0.915781,325.507,261.54,0.753622,238.022,268.028,0.625189,189.762,414.218,0.788982,0,0,0.796801,416.843,258.91,0.650194,458.62,406.427,0.799827,0,0,0.814336,0,0,0,0,0,0,0,0,0,0,0,0,0,0,0,0,0,0,0,0,0,307.177,137.499,0.892714,339.864,133.61,0.914761,282.449,150.635,0.736627,360.759,144.091,0.735301,0,0,0,0,0,0,0,0,0,0,0,0,0,0,0,0,0,0
325.497,153.187,0.913012,326.766,262.809,0.751105,239.341,266.754,0.631618,189.722,414.238,0.780549,0,0,0.791435,416.876,258.928,0.644457,458.613,407.736,0.782802,0,0,0.796654,0,0,0,0,0,0,0,0,0,0,0,0,0,0,0,0,0,0,0,0,0,307.19,137.513,0.898078,339.862,133.623,0.915225,282.452,150.617,0.736151,360.749,144.092,0.733792,0,0,0,0,0,0,0,0,0,0,0,0,0,0,0,0,0,0
325.473,153.246,0.884341,328.086,262.833,0.762632,243.244,265.426,0.623216,191.053,414.226,0.793613,0,0,0.728641,416.854,258.96,0.635237,459.9,407.696,0.773951,0,0,0.783305,0,0,0,0,0,0,0,0,0,0,0,0,0,0,0,0,0,0,0,0,0,307.196,137.527,0.89115,339.873,133.642,0.910351,283.684,150.602,0.730084,362.006,144.098,0.733623,0,0,0,0,0,0,0,0,0,0,0,0,0,0,0,0,0,0
325.495,153.238,0.886779,329.371,261.546,0.780166,244.581,264.112,0.644536,189.752,412.916,0.780601,0,0,0.733687,416.839,258.944,0.648031,461.247,407.748,0.783606,0,0,0.699591,0,0,0,0,0,0,0,0,0,0,0,0,0,0,0,0,0,0,0,0,0,307.2,137.537,0.898794,339.888,133.651,0.910935,282.451,151.877,0.726614,362.014,145.351,0.739143,0,0,0,0,0,0,0,0,0,0,0,0,0,0,0,0,0,0
325.502,154.48,0.890076,326.828,262.845,0.768911,241.935,265.466,0.641315,191.044,410.316,0.757196,0,0,0.774503,415.573,260.242,0.636189,463.819,407.738,0.799351,0,0,0.763977,0,0,0,0,0,0,0,0,0,0,0,0,0,0,0,0,0,0,0,0,0,307.206,137.568,0.90244,339.881,134.901,0.912914,283.678,150.63,0.72587,360.777,144.085,0.739409,0,0,0,0,0,0,0,0,0,0,0,0,0,0,0,0,0,0
325.496,154.498,0.89007,326.806,262.825,0.781088,241.943,265.483,0.635267,192.327,407.699,0.713978,0,0,0.753247,415.538,258.916,0.642545,463.815,405.122,0.7987,0,0,0.764495,0,0,0,0,0,0,0,0,0,0,0,0,0,0,0,0,0,0,0,0,0,307.208,137.575,0.903906,339.87,134.922,0.915833,283.694,150.631,0.737376,360.766,144.064,0.748893,0,0,0,0,0,0,0,0,0,0,0,0,0,0,0,0,0,0
325.484,154.487,0.890526,325.492,262.815,0.752165,239.343,266.759,0.612447,192.402,406.386,0.734794,0,0,0.790518,415.524,257.656,0.627811,463.857,405.082,0.804938,0,0,0.808884,0,0,0,0,0,0,0,0,0,0,0,0,0,0,0,0,0,0,0,0,0,307.199,137.572,0.901318,339.868,134.91,0.913991,282.451,150.615,0.73761,360.771,144.053,0.756272,0,0,0,0,0,0,0,0,0,0,0,0,0,0,0,0,0,0
325.448,154.532,0.875149,325.488,262.852,0.754778,239.364,268.047,0.622046,193.655,399.896,0.760503,0,0,0.796063,414.216,258.92,0.631083,465.116,403.764,0.823959,0,0,0.823801,0,0,0,0,0,0,0,0,0,0,0,0,0,0,0,0,0,0,0,0,0,305.931,138.824,0.897551,339.839,134.935,0.914964,282.4,151.892,0.733431,360.747,144.051,0.749198,0,0,0,0,0,0,0,0,0,0,0,0,0,0,0,0,0,0
324.184,155.783,0.869496,325.473,262.843,0.755558,239.347,268.077,0.609608,193.66,399.867,0.755252,0,0,0.804166,412.943,258.906,0.629595,465.139,403.765,0.820435,0,0,0.806773,0,0,0,0,0,0,0,0,0,0,0,0,0,0,0,0,0,0,0,0,0,305.907,138.804,0.891817,339.838,136.21,0.915003,282.396,151.876,0.7447,360.769,144.08,0.757516,0,0,0,0,0,0,0,0,0,0,0,0,0,0,0,0,0,0
324.169,155.781,0.863805,325.466,264.123,0.745778,238.074,269.372,0.598654,193.676,398.606,0.753104,0,0,0.793369,414.258,258.956,0.622992,465.145,402.469,0.810457,0,0,0.785689,0,0,0,0,0,0,0,0,0,0,0,0,0,0,0,0,0,0,0,0,0,305.901,138.817,0.889941,339.837,136.235,0.909417,282.415,151.909,0.739146,360.729,144.065,0.737912,0,0,0,0,0,0,0,0,0,0,0,0,0,0,0,0,0,0
324.148,155.799,0.866427,325.475,264.14,0.746199,239.322,269.379,0.609182,193.689,399.857,0.751668,0,0,0.79833,415.539,258.961,0.625704,463.878,402.48,0.812042,0,0,0.81688,0,0,0,0,0,0,0,0,0,0,0,0,0,0,0,0,0,0,0,0,0,305.87,138.835,0.891806,338.583,136.224,0.908383,282.411,151.896,0.74359,359.466,142.8,0.755093,0,0,0,0,0,0,0,0,0,0,0,0,0,0,0,0,0,0
322.874,155.804,0.870318,325.464,264.149,0.74654,239.323,269.386,0.600168,194.954,398.609,0.749257,0,0,0.794142,414.267,258.958,0.620864,463.842,402.504,0.821102,0,0,0.773786,0,0,0,0,0,0,0,0,0,0,0,0,0,0,0,0,0,0,0,0,0,304.602,138.849,0.89349,338.539,136.226,0.910881,281.147,151.911,0.730308,359.428,142.777,0.769147,0,0,0,0,0,0,0,0,0,0,0,0,0,0,0,0,0,0
321.558,155.791,0.882448,325.452,264.15,0.740602,238.068,269.386,0.605171,196.282,402.499,0.753502,0,0,0.77935,415.524,258.958,0.621396,463.823,403.77,0.787913,0,0,0.714315,0,0,0,0,0,0,0,0,0,0,0,0,0,0,0,0,0,0,0,0,0,303.304,138.835,0.886798,338.498,136.214,0.909451,281.092,151.895,0.723148,359.408,142.807,0.761861,0,0,0,0,0,0,0,0,0,0,0,0,0,0,0,0,0,0
320.284,154.551,0.889083,325.454,264.117,0.743363,239.334,269.364,0.602851,197.578,405.097,0.748324,0,0,0.691393,414.256,258.916,0.618003,463.797,402.478,0.644269,0,0,0.666223,0,0,0,0,0,0,0,0,0,0,0,0,0,0,0,0,0,0,0,0,0,302.028,138.849,0.891532,337.276,134.971,0.905598,279.833,151.932,0.698528,359.393,142.809,0.767311,0,0,0,0,0,0,0,0,0,0,0,0,0,0,0,0,0,0
320.246,154.52,0.898866,324.204,264.116,0.745707,238.065,269.365,0.612737,197.554,406.416,0.721766,0,0,0.3722,414.248,258.898,0.622249,463.872,394.661,0.638542,0,0,0.399861,0,0,0,0,0,0,0,0,0,0,0,0,0,0,0,0,0,0,0,0,0,302.017,138.821,0.892024,337.245,134.952,0.907167,279.818,151.92,0.680478,358.149,144.044,0.755742,0,0,0,0,0,0,0,0,0,0,0,0,0,0,0,0,0,0
318.997,154.509,0.904871,325.493,264.115,0.748833,239.359,268.059,0.62452,211.948,360.711,0.717974,0,0,0.540598,415.552,258.935,0.637915,458.599,385.539,0.657085,0,0,0.378113,0,0,0,0,0,0,0,0,0,0,0,0,0,0,0,0,0,0,0,0,0,301.981,138.832,0.897114,337.219,134.931,0.902606,279.784,153.184,0.667987,358.138,144.049,0.760082,0,0,0,0,0,0,0,0,0,0,0,0,0,0,0,0,0,0
318.979,154.513,0.903852,325.465,262.872,0.743644,239.339,269.352,0.62184,204.11,384.245,0.393754,0,0,0.403633,415.524,258.906,0.641342,456.019,384.232,0.691816,0,0,0.698786,0,0,0,0,0,0,0,0,0,0,0,0,0,0,0,0,0,0,0,0,0,300.727,138.85,0.902692,337.183,134.936,0.898067,278.533,153.184,0.68118,358.08,144.103,0.759337,0,0,0,0,0,0,0,0,0,0,0,0,0,0,0,0,0,0
318.949,154.529,0.903346,324.178,264.146,0.743037,238.034,271.963,0.610193,209.318,392.044,0.754319,0,0,0.653813,412.946,257.65,0.637103,449.498,385.537,0.778935,0,0,0.731529,0,0,0,0,0,0,0,0,0,0,0,0,0,0,0,0,0,0,0,0,0,300.68,138.872,0.914273,335.905,134.961,0.88984,278.483,154.507,0.688873,356.809,145.395,0.720208,0,0,0,0,0,0,0,0,0,0,0,0,0,0,0,0,0,0
318.925,154.521,0.902031,324.185,265.419,0.751097,238.023,271.987,0.606146,210.634,393.343,0.819289,0,0,0.717789,414.217,258.945,0.627348,446.839,388.108,0.828712,0,0,0.806045,0,0,0,0,0,0,0,0,0,0,0,0,0,0,0,0,0,0,0,0,0,300.655,138.872,0.913638,334.658,134.966,0.886395,277.227,154.518,0.681189,356.798,146.647,0.717961,0,0,0,0,0,0,0,0,0,0,0,0,0,0,0,0,0,0
317.703,154.522,0.902715,324.21,264.18,0.747355,238.056,270.7,0.614671,213.271,397.279,0.835611,0,0,0.777436,414.246,260.229,0.62438,444.285,392.026,0.853397,0,0,0.767066,0,0,0.331086,0,0,0,0,0,0,0,0,0,0,0,0.326159,0,0,0,0,0,0,299.419,138.873,0.919499,334.656,134.968,0.886371,277.224,154.527,0.681265,356.798,146.653,0.727435,0,0,0,0,0,0,0,0,0,0,0,0,0,0,0,0,0,0
317.691,154.517,0.902776,325.448,265.472,0.7457,239.327,271.996,0.619623,215.86,401.223,0.821051,0,0,0.421423,414.267,261.517,0.618894,441.649,393.372,0.828964,0,0,0.567196,0,0,0,0,0,0,0,0,0,0,0,0,0,0,0,0,0,0,0,0,0,299.424,138.869,0.917363,334.64,134.964,0.88646,277.234,154.491,0.678835,356.809,145.374,0.728382,0,0,0,0,0,0,0,0,0,0,0,0,0,0,0,0,0,0
317.682,154.506,0.913747,324.152,265.489,0.748067,238.025,273.266,0.625967,219.743,402.531,0.808289,0,0,0,412.94,260.247,0.620153,436.466,395.991,0.808381,0,0,0,0,0,0,0,0,0,0,0,0,0,0,0,0,0,0,0,0,0,0,0,0,299.396,138.832,0.920438,334.66,134.973,0.893476,277.233,153.184,0.679474,356.812,146.684,0.773994,0,0,0,0,0,0,0,0,0,0,0,0,0,0,0,0,0,0
317.684,154.503,0.912783,324.154,265.469,0.748188,238.05,273.257,0.616224,224.964,407.707,0.802918,0,0,0,412.933,260.227,0.619845,433.856,398.59,0.819762,0,0,0,0,0,0,0,0,0,0,0,0,0,0,0,0,0,0,0,0,0,0,0,0,299.411,138.829,0.915968,334.655,134.967,0.892152,277.244,153.183,0.671524,356.806,146.669,0.767525,0,0,0,0,0,0,0,0,0,0,0,0,0,0,0,0,0,0
317.685,154.491,0.916184,324.166,265.454,0.749827,238.056,273.25,0.622666,225.037,407.702,0.799836,0,0,0,412.941,260.214,0.625519,433.787,401.187,0.825324,0,0,0,0,0,0,0,0,0,0,0,0,0,0,0,0,0,0,0,0,0,0,0,0,299.431,138.828,0.910917,335.886,134.959,0.895363,278.498,151.932,0.681982,356.819,146.645,0.762459,0,0,0,0,0,0,0,0,0,0,0,0,0,0,0,0,0,0
317.688,154.498,0.914818,324.205,265.476,0.75342,239.325,272.003,0.620017,226.259,407.736,0.780339,0,0,0,414.22,261.505,0.624449,432.546,401.219,0.826418,0,0,0,0,0,0,0,0,0,0,0,0,0,0,0,0,0,0,0,0,0,0,0,0,300.656,138.83,0.91026,335.884,134.961,0.894331,278.51,151.932,0.681133,356.823,145.399,0.762637,0,0,0,0,0,0,0,0,0,0,0,0,0,0,0,0,0,0
318.916,154.506,0.910026,324.19,266.724,0.753271,238.059,273.254,0.613657,226.29,410.305,0.785032,0,0,0,414.222,260.261,0.621363,432.52,401.194,0.830421,0,0,0,0,0,0,0,0,0,0,0,0,0,0,0,0,0,0,0,0,0,0,0,0,300.692,138.829,0.904905,335.905,134.966,0.897255,279.777,151.917,0.691128,356.837,145.389,0.771191,0,0,0,0,0,0,0,0,0,0,0,0,0,0,0,0,0,0
318.925,154.507,0.911747,324.201,266.723,0.757027,239.326,271.975,0.620879,226.257,410.3,0.786079,0,0,0,412.945,261.536,0.618395,432.508,399.904,0.826943,0,0,0,0,0,0,0,0,0,0,0,0,0,0,0,0,0,0,0,0,0,0,0,0,300.712,138.831,0.902451,335.918,134.966,0.898726,279.788,151.901,0.689609,356.844,145.38,0.769624,0,0,0,0,0,0,0,0,0,0,0,0,0,0,0,0,0,0
318.943,154.499,0.916061,324.179,265.452,0.75348,238.073,271.959,0.617611,223.714,409.02,0.79003,0,0,0,412.916,260.257,0.619281,431.217,402.526,0.803382,0,0,0,0,0,0,0,0,0,0,0,0,0,0,0,0,0,0,0,0,0,0,0,0,301.968,138.814,0.899831,335.939,134.961,0.903199,279.778,151.88,0.691712,358.08,145.375,0.77745,0,0,0,0,0,0,0,0,0,0,0,0,0,0,0,0,0,0
318.943,154.506,0.916232,324.205,265.457,0.755397,239.339,270.684,0.620963,223.726,410.29,0.800003,0,0,0,412.942,261.546,0.613124,431.192,402.511,0.812175,0,0,0,0,0,0,0,0,0,0,0,0,0,0,0,0,0,0,0,0,0,0,0,0,301.96,138.82,0.902473,335.95,134.956,0.904012,279.774,151.903,0.678318,358.117,144.096,0.775637,0,0,0,0,0,0,0,0,0,0,0,0,0,0,0,0,0,0
318.951,154.521,0.91313,324.199,265.43,0.757761,239.341,270.665,0.624817,223.728,409.052,0.794611,0,0,0,412.933,260.261,0.621005,429.872,402.506,0.798097,0,0,0,0,0,0,0,0,0,0,0,0,0,0,0,0,0,0,0,0,0,0,0,0,301.969,138.824,0.902496,335.946,134.958,0.903165,279.802,151.915,0.675811,358.108,144.095,0.779805,0,0,0,0,0,0,0,0,0,0,0,0,0,0,0,0,0,0
318.977,154.524,0.908168,325.475,265.479,0.766109,239.352,270.667,0.622669,224.984,410.285,0.790808,0,0,0,414.262,262.829,0.620463,428.606,402.535,0.795636,0,0,0,0,0,0,0,0,0,0,0,0,0,0,0,0,0,0,0,0,0,0,0,0,301.969,138.816,0.895986,337.187,134.951,0.905163,279.799,151.903,0.655013,358.108,144.057,0.776368,0,0,0,0,0,0,0,0,0,0,0,0,0,0,0,0,0,0
318.98,154.519,0.909466,325.458,265.462,0.763881,239.349,270.656,0.618646,224.981,410.311,0.798456,0,0,0,414.24,262.81,0.60965,427.32,402.516,0.8019,0,0,0,0,0,0,0,0,0,0,0,0,0,0,0,0,0,0,0,0,0,0,0,0,301.971,138.809,0.894106,337.189,134.955,0.905403,279.803,151.891,0.672652,358.105,144.055,0.784387,0,0,0,0,0,0,0,0,0,0,0,0,0,0,0,0,0,0
319.003,154.542,0.906883,325.497,265.481,0.763405,239.335,270.664,0.619381,226.269,411.603,0.809708,0,0,0,415.539,262.855,0.623046,427.298,402.501,0.811356,0,0,0,0,0,0,0,0,0,0,0,0,0,0,0,0,0,0,0,0,0,0,0,0,301.982,138.816,0.896528,337.229,136.207,0.910284,279.8,151.901,0.67874,359.374,144.079,0.795187,0,0,0,0,0,0,0,0,0,0,0,0,0,0,0,0,0,0
319.008,155.818,0.900148,325.457,266.718,0.762942,239.356,270.684,0.620714,226.272,407.683,0.764813,0,0,0,414.234,261.566,0.62321,428.568,405.119,0.80089,0,0,0,0,0,0,0,0,0,0,0,0,0,0,0,0,0,0,0,0,0,0,0,0,302.012,138.841,0.896244,337.234,136.237,0.911684,281.092,151.935,0.709773,359.393,146.682,0.826522,0,0,0,0,0,0,0,0,0,0,0,0,0,0,0,0,0,0
319.011,155.805,0.901196,325.459,266.725,0.763925,239.346,270.697,0.619406,226.282,408.985,0.756228,0,0,0,414.255,264.114,0.621269,428.587,403.833,0.805062,0,0,0,0,0,0,0,0,0,0,0,0,0,0,0,0,0,0,0,0,0,0,0,0,302.018,138.839,0.893517,337.247,136.228,0.911397,281.102,151.927,0.700526,359.405,146.67,0.823185,0,0,0,0,0,0,0,0,0,0,0,0,0,0,0,0,0,0
320.236,155.842,0.893551,325.46,266.725,0.764037,239.344,270.648,0.617272,226.274,409.022,0.767811,0,0,0,414.262,264.121,0.61702,428.594,403.835,0.80365,0,0,0,0,0,0,0,0,0,0,0,0,0,0,0,0,0,0,0,0,0,0,0,0,302.026,138.847,0.893959,337.253,136.26,0.910551,279.834,151.932,0.684937,359.422,146.686,0.817471,0,0,0,0,0,0,0,0,0,0,0,0,0,0,0,0,0,0
319.018,155.848,0.894927,325.464,266.738,0.759596,239.356,271.948,0.62222,226.276,407.735,0.769053,0,0,0,414.257,262.836,0.619279,428.602,403.835,0.799427,0,0,0,0,0,0,0,0,0,0,0,0,0,0,0,0,0,0,0,0,0,0,0,0,302.02,138.856,0.896744,337.249,136.259,0.911889,279.845,151.932,0.697936,359.421,146.649,0.81109,0,0,0,0,0,0,0,0,0,0,0,0,0,0,0,0,0,0
320.228,157.082,0.893806,325.462,266.749,0.758341,239.331,271.978,0.612664,226.282,407.736,0.764106,0,0,0,415.535,262.837,0.626515,428.609,403.785,0.804745,0,0,0,0,0,0,0,0,0,0,0,0,0,0,0,0,0,0,0,0,0,0,0,0,302.024,138.865,0.897295,337.249,136.259,0.911759,279.831,151.916,0.687169,359.426,146.677,0.822196,0,0,0,0,0,0,0,0,0,0,0,0,0,0,0,0,0,0
320.229,155.851,0.893327,325.465,266.742,0.759856,238.075,271.965,0.605307,226.276,406.418,0.777865,0,0,0,415.526,262.865,0.620523,428.579,403.794,0.805204,0,0,0,0,0,0,0,0,0,0,0,0,0,0,0,0,0,0,0,0,0,0,0,0,302.016,138.868,0.896727,337.248,136.247,0.911065,279.824,151.94,0.700741,359.426,145.385,0.806472,0,0,0,0,0,0,0,0,0,0,0,0,0,0,0,0,0,0
319.018,157.083,0.89423,325.454,266.744,0.753789,238.066,271.987,0.609887,225.024,406.399,0.778563,0,0,0,415.519,262.834,0.616716,428.592,403.81,0.805823,0,0,0,0,0,0,0,0,0,0,0,0,0,0,0,0,0,0,0,0,0,0,0,0,302.015,138.883,0.898952,337.245,136.261,0.911069,279.828,153.171,0.699754,359.389,144.11,0.810202,0,0,0,0,0,0,0,0,0,0,0,0,0,0,0,0,0,0
320.234,155.854,0.893912,325.458,266.718,0.750822,239.321,270.685,0.611249,225.012,406.44,0.779052,0,0,0,415.525,262.854,0.615731,427.325,405.079,0.798027,0,0,0,0,0,0,0,0,0,0,0,0,0,0,0,0,0,0,0,0,0,0,0,0,302.007,138.886,0.900971,337.247,136.264,0.909553,279.82,153.189,0.704291,359.385,144.091,0.813489,0,0,0,0,0,0,0,0,0,0,0,0,0,0,0,0,0,0
320.23,157.094,0.892864,325.476,266.73,0.756397,239.338,270.688,0.604589,225.024,407.734,0.77556,0,0,0,415.521,262.824,0.617789,427.303,405.081,0.799298,0,0,0,0,0,0,0,0,0,0,0,0,0,0,0,0,0,0,0,0,0,0,0,0,302.022,138.882,0.899779,337.251,136.266,0.909952,279.847,153.179,0.701988,359.432,146.665,0.794591,0,0,0,0,0,0,0,0,0,0,0,0,0,0,0,0,0,0
320.235,157.093,0.892869,325.519,266.758,0.75379,239.366,270.664,0.61846,225.025,407.734,0.7774,0,0,0,415.548,264.129,0.614685,427.281,403.827,0.798719,0,0,0,0,0,0,0,0,0,0,0,0,0,0,0,0,0,0,0,0,0,0,0,0,302.026,140.099,0.901739,337.253,136.25,0.909388,281.079,153.174,0.706601,359.426,146.653,0.803599,0,0,0,0,0,0,0,0,0,0,0,0,0,0,0,0,0,0
320.242,157.093,0.889939,325.519,265.469,0.763178,240.624,269.392,0.624571,225.009,407.697,0.786018,0,0,0,415.542,262.82,0.62038,427.282,403.831,0.802753,0,0,0,0,0,0,0,0,0,0,0,0,0,0,0,0,0,0,0,0,0,0,0,0,302.028,140.102,0.90248,337.255,136.248,0.908339,281.088,153.192,0.707192,359.42,146.647,0.795573,0,0,0,0,0,0,0,0,0,0,0,0,0,0,0,0,0,0
320.247,157.086,0.889698,326.758,265.469,0.760653,240.653,269.353,0.625403,224.994,407.713,0.787165,0,0,0,415.558,262.854,0.615311,427.283,403.835,0.802913,0,0,0,0,0,0,0,0,0,0,0,0,0,0,0,0,0,0,0,0,0,0,0,0,302.032,140.098,0.899857,337.261,136.251,0.910621,281.101,153.19,0.7124,359.462,145.405,0.791904,0,0,0,0,0,0,0,0,0,0,0,0,0,0,0,0,0,0
320.261,157.101,0.892663,326.791,265.449,0.779482,240.628,269.386,0.617481,224.984,408.997,0.796593,0,0,0,415.557,261.561,0.635265,427.283,402.483,0.801289,0,0,0,0,0,0,0,0,0,0,0,0,0,0,0,0,0,0,0,0,0,0,0,0,302.024,140.099,0.903765,338.5,137.534,0.917809,281.115,153.223,0.71554,359.46,147.952,0.744514,0,0,0,0,0,0,0,0,0,0,0,0,0,0,0,0,0,0
320.261,157.099,0.891848,326.816,266.72,0.779695,240.637,269.397,0.620052,224.975,409.001,0.799563,0,0,0,415.575,264.125,0.64025,427.282,401.199,0.815418,0,0,0,0,0,0,0,0,0,0,0,0,0,0,0,0,0,0,0,0,0,0,0,0,302.024,140.098,0.903295,338.5,137.534,0.916502,281.113,153.235,0.715162,359.462,147.96,0.741186,0,0,0,0,0,0,0,0,0,0,0,0,0,0,0,0,0,0
320.283,157.108,0.889006,326.796,265.46,0.781501,240.637,269.359,0.620996,225.004,409.029,0.798251,0,0,0,416.843,262.813,0.635615,427.265,402.473,0.813091,0,0,0,0,0,0,0,0,0,0,0,0,0,0,0,0,0,0,0,0,0,0,0,0,302.027,140.114,0.904263,338.503,137.525,0.916988,281.108,153.223,0.717466,359.457,147.957,0.746512,0,0,0,0,0,0,0,0,0,0,0,0,0,0,0,0,0,0
320.304,157.108,0.883813,326.808,265.426,0.790245,240.644,269.343,0.623113,225.002,409.029,0.792208,0,0,0,415.554,261.519,0.640929,427.262,401.183,0.823561,0,0,0,0,0,0,0,0,0,0,0,0,0,0,0,0,0,0,0,0,0,0,0,0,302.029,140.112,0.901226,338.502,137.531,0.91664,281.112,153.214,0.729398,359.457,147.948,0.747708,0,0,0,0,0,0,0,0,0,0,0,0,0,0,0,0,0,0
320.31,157.109,0.882797,326.818,265.414,0.794142,240.671,268.068,0.637461,225.018,410.291,0.791306,0,0,0,416.821,261.547,0.638983,427.264,401.225,0.819993,0,0,0,0,0,0,0,0,0,0,0,0,0,0,0,0,0,0,0,0,0,0,0,0,302.023,140.117,0.901687,338.507,137.532,0.916311,281.094,153.223,0.714088,359.456,146.689,0.771762,0,0,0,0,0,0,0,0,0,0,0,0,0,0,0,0,0,0
320.32,157.11,0.881265,326.789,265.425,0.78035,240.67,269.336,0.640451,225.007,410.285,0.796209,0,0,0,415.571,261.523,0.638042,427.274,402.462,0.824563,0,0,0,0,0,0,0,0,0,0,0,0,0,0,0,0,0,0,0,0,0,0,0,0,302.032,140.103,0.898294,338.504,137.528,0.917159,281.094,153.218,0.706284,360.686,145.394,0.779097,0,0,0,0,0,0,0,0,0,0,0,0,0,0,0,0,0,0
320.308,157.107,0.881015,328.052,265.414,0.785521,241.938,268.083,0.637553,224.994,409.007,0.787817,0,0,0,416.826,261.537,0.647173,427.283,401.208,0.818884,0,0,0,0,0,0,0,0,0,0,0,0,0,0,0,0,0,0,0,0,0,0,0,0,302.02,140.1,0.898524,338.512,136.271,0.913547,281.103,153.233,0.691234,359.469,146.648,0.765444,0,0,0,0,0,0,0,0,0,0,0,0,0,0,0,0,0,0
320.313,157.105,0.880712,326.827,265.447,0.784112,240.665,269.34,0.635093,224.982,409.014,0.792438,0,0,0,416.824,262.814,0.637858,427.3,401.207,0.821074,0,0,0,0,0,0,0,0,0,0,0,0,0,0,0,0,0,0,0,0,0,0,0,0,303.264,140.104,0.898015,338.511,136.273,0.914885,281.125,153.222,0.703434,360.698,146.69,0.775855,0,0,0,0,0,0,0,0,0,0,0,0,0,0,0,0,0,0
321.546,157.108,0.878477,328.069,265.429,0.783457,240.679,269.354,0.638873,224.976,409.005,0.798197,0,0,0,416.842,261.546,0.638117,427.316,401.19,0.828711,0,0,0,0,0,0,0,0,0,0,0,0,0,0,0,0,0,0,0,0,0,0,0,0,303.268,140.114,0.899266,338.514,137.497,0.915614,281.132,153.243,0.704145,359.465,146.647,0.751038,0,0,0,0,0,0,0,0,0,0,0,0,0,0,0,0,0,0
321.564,157.108,0.877165,326.826,265.44,0.777005,240.643,269.374,0.624602,224.985,409.02,0.796945,0,0,0,416.825,261.553,0.631964,427.323,401.184,0.827996,0,0,0,0,0,0,0,0,0,0,0,0,0,0,0,0,0,0,0,0,0,0,0,0,303.267,140.11,0.898327,338.515,136.268,0.914252,281.125,154.488,0.704543,360.682,145.381,0.753407,0,0,0,0,0,0,0,0,0,0,0,0,0,0,0,0,0,0
321.563,157.106,0.878439,326.782,265.419,0.774104,239.371,269.395,0.622662,225.005,409.034,0.793574,0,0,0,416.835,261.552,0.632603,427.317,401.189,0.825548,0,0,0,0,0,0,0,0,0,0,0,0,0,0,0,0,0,0,0,0,0,0,0,0,303.267,140.114,0.899865,338.519,136.272,0.914251,281.13,154.481,0.705723,360.689,145.411,0.761602,0,0,0,0,0,0,0,0,0,0,0,0,0,0,0,0,0,0
321.568,157.087,0.877297,326.818,265.427,0.775505,240.638,269.389,0.625778,225,409.016,0.791658,0,0,0,416.842,261.525,0.644737,427.3,401.151,0.822751,0,0,0,0,0,0,0,0,0,0,0,0,0,0,0,0,0,0,0,0,0,0,0,0,303.288,140.102,0.894351,338.515,136.267,0.913258,282.385,153.221,0.734556,360.698,145.366,0.763458,0,0,0,0,0,0,0,0,0,0,0,0,0,0,0,0,0,0
321.568,155.838,0.87657,326.804,265.423,0.772416,240.635,269.377,0.612763,225.003,409.006,0.791891,0,0,0,415.544,261.56,0.627658,427.265,402.531,0.8272,0,0,0,0,0,0,0,0,0,0,0,0,0,0,0,0,0,0,0,0,0,0,0,0,303.329,138.878,0.895893,338.544,136.26,0.916489,282.432,151.939,0.749626,360.713,144.057,0.766845,0,0,0,0,0,0,0,0,0,0,0,0,0,0,0,0,0,0
321.567,155.836,0.876653,326.785,265.436,0.770739,240.645,269.367,0.625004,225.012,409.026,0.791607,0,0,0,415.531,261.564,0.630951,427.268,402.531,0.829637,0,0,0,0,0,0,0,0,0,0,0,0,0,0,0,0,0,0,0,0,0,0,0,0,303.333,138.874,0.894567,338.551,136.26,0.915764,282.425,153.176,0.74286,360.714,144.095,0.761576,0,0,0,0,0,0,0,0,0,0,0,0,0,0,0,0,0,0
321.584,155.832,0.874298,326.792,264.17,0.769732,240.657,268.086,0.625111,224.993,409.001,0.791498,0,0,0,415.531,261.541,0.631916,427.267,403.763,0.825722,0,0,0,0,0,0,0,0,0,0,0,0,0,0,0,0,0,0,0,0,0,0,0,0,304.565,138.88,0.894472,338.559,136.256,0.915959,282.427,153.18,0.739982,360.711,144.078,0.764421,0,0,0,0,0,0,0,0,0,0,0,0,0,0,0,0,0,0
321.582,155.83,0.874823,326.78,264.157,0.771559,240.669,268.066,0.628583,225.009,408.985,0.78689,0,0,0,415.526,261.529,0.636364,426.028,403.77,0.821289,0,0,0,0,0,0,0,0,0,0,0,0,0,0,0,0,0,0,0,0,0,0,0,0,304.568,138.876,0.895697,338.563,136.259,0.915688,282.427,153.19,0.740243,360.727,144.094,0.764503,0,0,0,0,0,0,0,0,0,0,0,0,0,0,0,0,0,0
321.572,155.842,0.873204,326.766,264.174,0.766907,240.65,269.343,0.626298,225.023,409.032,0.788955,0,0,0,415.543,261.514,0.634726,427.284,402.516,0.828593,0,0,0,0,0,0,0,0,0,0,0,0,0,0,0,0,0,0,0,0,0,0,0,0,304.573,138.877,0.895922,338.56,136.256,0.915817,282.429,153.184,0.727857,360.727,144.084,0.763987,0,0,0,0,0,0,0,0,0,0,0,0,0,0,0,0,0,0
321.586,155.829,0.872214,326.781,264.167,0.768602,240.661,269.35,0.623809,225.02,409.026,0.788551,0,0,0,414.246,260.22,0.630061,427.295,402.52,0.827649,0,0,0,0,0,0,0,0,0,0,0,0,0,0,0,0,0,0,0,0,0,0,0,0,304.576,138.882,0.89635,338.556,136.242,0.916094,282.437,153.192,0.732578,360.705,144.064,0.766188,0,0,0,0,0,0,0,0,0,0,0,0,0,0,0,0,0,0
321.59,155.817,0.871514,326.766,264.158,0.762677,240.654,269.382,0.627101,226.261,410.287,0.793355,0,0,0,414.25,258.951,0.629761,427.309,402.538,0.8233,0,0,0,0,0,0,0,0,0,0,0,0,0,0,0,0,0,0,0,0,0,0,0,0,303.333,138.877,0.892573,338.562,136.232,0.914919,282.431,153.192,0.736354,360.728,144.05,0.772145,0,0,0,0,0,0,0,0,0,0,0,0,0,0,0,0,0,0
321.591,155.817,0.87233,326.776,264.134,0.773208,241.939,268.095,0.629191,225.025,409.039,0.796412,0,0,0,414.227,258.929,0.630261,427.284,403.794,0.818659,0,0,0,0,0,0,0,0,0,0,0,0,0,0,0,0,0,0,0,0,0,0,0,0,304.568,138.88,0.893629,338.565,136.24,0.914429,282.436,153.192,0.737516,360.733,144.067,0.768793,0,0,0,0,0,0,0,0,0,0,0,0,0,0,0,0,0,0
321.597,155.82,0.869578,328.057,265.425,0.773103,240.672,269.361,0.623469,225.026,409.037,0.797622,0,0,0,416.837,261.55,0.628364,427.297,403.791,0.809279,0,0,0,0,0,0,0,0,0,0,0,0,0,0,0,0,0,0,0,0,0,0,0,0,304.587,138.878,0.895229,338.568,136.247,0.914183,282.445,153.184,0.736847,360.711,144.056,0.78341,0,0,0,0,0,0,0,0,0,0,0,0,0,0,0,0,0,0
321.6,155.821,0.869855,326.817,265.418,0.773444,240.643,269.398,0.618299,225.018,409.028,0.798542,0,0,0,415.519,260.243,0.635338,427.287,403.795,0.810338,0,0,0,0,0,0,0,0,0,0,0,0,0,0,0,0,0,0,0,0,0,0,0,0,304.585,138.878,0.895805,338.572,136.249,0.915029,282.44,153.189,0.735944,360.725,144.069,0.78538,0,0,0,0,0,0,0,0,0,0,0,0,0,0,0,0,0,0
321.61,155.822,0.866844,326.818,265.434,0.766503,240.636,270.647,0.614277,225.032,410.293,0.787321,0,0,0,415.564,261.528,0.628121,427.292,403.782,0.805999,0,0,0,0,0,0,0,0,0,0,0,0,0,0,0,0,0,0,0,0,0,0,0,0,304.58,138.873,0.895397,338.573,136.245,0.914375,282.434,153.2,0.732305,360.734,144.043,0.783578,0,0,0,0,0,0,0,0,0,0,0,0,0,0,0,0,0,0
321.616,155.814,0.865203,326.81,265.414,0.771637,240.65,270.643,0.617297,225.023,409.048,0.787856,0,0,0,415.551,261.528,0.630848,427.309,403.79,0.814468,0,0,0,0,0,0,0,0,0,0,0,0,0,0,0,0,0,0,0,0,0,0,0,0,304.574,138.875,0.893077,338.579,136.247,0.913473,282.426,153.21,0.732921,360.732,142.796,0.791555,0,0,0,0,0,0,0,0,0,0,0,0,0,0,0,0,0,0
321.592,155.839,0.868518,326.797,265.43,0.756204,240.664,269.369,0.623303,225.02,407.717,0.810496,0,0,0,416.844,261.527,0.630131,427.289,403.789,0.799917,0,0,0,0,0,0,0,0,0,0,0,0,0,0,0,0,0,0,0,0,0,0,0,0,303.321,138.869,0.894482,339.801,136.251,0.913571,282.407,153.193,0.698723,360.769,144.111,0.772488,0,0,0,0,0,0,0,0,0,0,0,0,0,0,0,0,0,0
321.585,155.84,0.869856,326.812,265.441,0.762209,241.939,269.379,0.62092,225.024,407.729,0.803566,0,0,0,415.571,261.529,0.630469,427.306,402.516,0.814646,0,0,0,0,0,0,0,0,0,0,0,0,0,0,0,0,0,0,0,0,0,0,0,0,303.335,138.87,0.892652,338.588,136.246,0.913529,282.424,153.19,0.709966,360.777,144.111,0.774164,0,0,0,0,0,0,0,0,0,0,0,0,0,0,0,0,0,0
321.597,155.839,0.869307,326.809,265.426,0.764178,240.673,269.369,0.623981,224.993,407.734,0.806153,0,0,0,416.849,261.558,0.628088,427.309,402.527,0.812649,0,0,0,0,0,0,0,0,0,0,0,0,0,0,0,0,0,0,0,0,0,0,0,0,304.571,138.862,0.890491,338.59,136.245,0.914104,282.422,151.921,0.71519,361.998,144.095,0.778096,0,0,0,0,0,0,0,0,0,0,0,0,0,0,0,0,0,0
321.599,155.834,0.870244,326.807,265.428,0.763983,241.933,269.365,0.62914,225.016,407.728,0.807483,0,0,0,416.849,261.547,0.631404,427.314,402.521,0.813892,0,0,0,0,0,0,0,0,0,0,0,0,0,0,0,0,0,0,0,0,0,0,0,0,304.589,138.865,0.893934,339.803,136.249,0.9151,282.432,151.917,0.718222,362.013,144.077,0.785007,0,0,0,0,0,0,0,0,0,0,0,0,0,0,0,0,0,0
321.592,155.838,0.869937,326.812,265.463,0.768579,240.678,270.656,0.615292,225.026,407.733,0.803142,0,0,0,416.854,262.811,0.632616,427.308,402.497,0.818213,0,0,0,0,0,0,0,0,0,0,0,0,0,0,0,0,0,0,0,0,0,0,0,0,304.589,138.865,0.893547,339.807,136.246,0.913861,282.437,151.933,0.720906,362.021,144.087,0.776315,0,0,0,0,0,0,0,0,0,0,0,0,0,0,0,0,0,0
321.601,155.837,0.869434,326.827,265.473,0.76004,241.934,270.649,0.618189,225.026,407.716,0.798346,0,0,0,416.865,262.826,0.639358,427.296,402.514,0.820289,0,0,0,0,0,0,0,0,0,0,0,0,0,0,0,0,0,0,0,0,0,0,0,0,304.589,138.865,0.893288,339.802,136.239,0.911939,282.442,151.926,0.727003,362.015,144.077,0.779117,0,0,0,0,0,0,0,0,0,0,0,0,0,0,0,0,0,0
321.592,155.828,0.872445,326.789,265.427,0.759141,241.933,270.649,0.625303,225.008,408.995,0.798649,0,0,0,415.56,260.258,0.63646,427.277,402.487,0.815033,0,0,0,0,0,0,0,0,0,0,0,0,0,0,0,0,0,0,0,0,0,0,0,0,304.584,138.857,0.894495,339.806,136.24,0.911954,283.685,151.92,0.737988,362.017,144.093,0.779821,0,0,0,0,0,0,0,0,0,0,0,0,0,0,0,0,0,0
321.608,155.81,0.871495,326.799,265.419,0.763244,241.938,269.361,0.632073,223.72,407.694,0.813546,0,0,0,416.823,261.536,0.633575,427.297,401.228,0.824246,0,0,0,0,0,0,0,0,0,0,0,0,0,0,0,0,0,0,0,0,0,0,0,0,304.593,138.846,0.895213,339.807,136.238,0.913388,283.68,151.91,0.731587,362.01,144.09,0.776421,0,0,0,0,0,0,0,0,0,0,0,0,0,0,0,0,0,0
321.61,155.816,0.869168,326.802,265.415,0.767415,241.937,269.358,0.623086,224.972,407.703,0.809359,0,0,0,416.823,261.511,0.634676,427.289,402.464,0.820708,0,0,0,0,0,0,0,0,0,0,0,0,0,0,0,0,0,0,0,0,0,0,0,0,304.584,138.841,0.893204,339.81,136.244,0.912181,282.448,151.883,0.732448,362.003,144.086,0.767022,0,0,0,0,0,0,0,0,0,0,0,0,0,0,0,0,0,0
321.616,155.814,0.867835,326.775,264.174,0.761309,240.664,269.397,0.618164,224.962,407.72,0.809039,0,0,0,415.571,260.241,0.629654,427.286,402.464,0.822186,0,0,0,0,0,0,0,0,0,0,0,0,0,0,0,0,0,0,0,0,0,0,0,0,304.59,138.837,0.893728,339.813,136.242,0.912516,283.681,151.885,0.742929,360.782,144.077,0.770486,0,0,0,0,0,0,0,0,0,0,0,0,0,0,0,0,0,0
321.611,155.819,0.868532,326.794,265.427,0.76518,240.681,269.375,0.624438,224.95,407.709,0.811064,0,0,0,416.83,261.541,0.63674,427.279,402.482,0.82212,0,0,0,0,0,0,0,0,0,0,0,0,0,0,0,0,0,0,0,0,0,0,0,0,304.599,138.834,0.894901,339.809,136.25,0.911781,282.452,151.87,0.731607,361.997,144.069,0.773814,0,0,0,0,0,0,0,0,0,0,0,0,0,0,0,0,0,0
322.843,155.813,0.868851,326.787,265.444,0.767753,240.683,269.382,0.626748,224.991,407.721,0.802558,0,0,0,416.847,261.545,0.627634,427.277,402.475,0.819568,0,0,0,0,0,0,0,0,0,0,0,0,0,0,0,0,0,0,0,0,0,0,0,0,304.597,138.837,0.896424,339.797,136.247,0.913735,282.444,151.878,0.734411,360.76,144.058,0.784601,0,0,0,0,0,0,0,0,0,0,0,0,0,0,0,0,0,0
321.616,155.795,0.87205,326.827,266.758,0.767823,240.669,270.67,0.621351,226.274,410.333,0.802071,0,0,0,416.858,264.161,0.624153,427.276,405.125,0.80104,0,0,0,0,0,0,0,0,0,0,0,0,0,0,0,0,0,0,0,0,0,0,0,0,304.619,138.852,0.897179,338.581,136.257,0.915675,282.424,151.901,0.730767,360.767,145.364,0.781464,0,0,0,0,0,0,0,0,0,0,0,0,0,0,0,0,0,0
322.843,155.8,0.871929,326.828,266.736,0.770164,240.672,269.396,0.623231,226.271,410.32,0.797474,0,0,0,416.874,264.162,0.622044,427.279,405.124,0.803476,0,0,0,0,0,0,0,0,0,0,0,0,0,0,0,0,0,0,0,0,0,0,0,0,304.634,138.85,0.897435,338.577,136.256,0.916626,282.419,151.877,0.729507,360.759,144.064,0.787213,0,0,0,0,0,0,0,0,0,0,0,0,0,0,0,0,0,0
321.615,155.803,0.872417,326.82,266.741,0.772372,240.677,269.376,0.620942,226.271,409.042,0.788201,0,0,0,416.857,265.419,0.618918,427.279,406.383,0.798917,0,0,0,0,0,0,0,0,0,0,0,0,0,0,0,0,0,0,0,0,0,0,0,0,305.876,138.852,0.902601,338.582,136.261,0.916297,282.417,150.633,0.736216,360.766,144.061,0.77758,0,0,0,0,0,0,0,0,0,0,0,0,0,0,0,0,0,0
321.619,155.797,0.873113,328.066,266.72,0.779669,241.938,269.345,0.627597,226.262,409.01,0.785856,0,0,0,418.132,265.418,0.62123,427.277,405.142,0.797074,0,0,0,0,0,0,0,0,0,0,0,0,0,0,0,0,0,0,0,0,0,0,0,0,305.878,138.852,0.899611,338.584,136.263,0.915232,282.426,150.635,0.740654,360.762,144.056,0.768405,0,0,0,0,0,0,0,0,0,0,0,0,0,0,0,0,0,0
321.612,155.794,0.87295,326.812,265.476,0.7731,240.658,269.356,0.627417,226.263,409.007,0.789,0,0,0,416.871,264.153,0.620833,427.278,406.389,0.800201,0,0,0,0,0,0,0,0,0,0,0,0,0,0,0,0,0,0,0,0,0,0,0,0,304.634,138.857,0.896991,338.579,136.257,0.914959,282.422,151.887,0.723815,360.769,144.105,0.780433,0,0,0,0,0,0,0,0,0,0,0,0,0,0,0,0,0,0
321.601,155.803,0.874747,326.824,265.459,0.77594,241.947,269.361,0.632395,226.283,409.047,0.784672,0,0,0,416.845,262.862,0.619564,427.263,405.138,0.800053,0,0,0,0,0,0,0,0,0,0,0,0,0,0,0,0,0,0,0,0,0,0,0,0,304.627,138.85,0.898593,338.577,136.259,0.914152,282.417,151.88,0.728351,360.757,144.107,0.781103,0,0,0,0,0,0,0,0,0,0,0,0,0,0,0,0,0,0
321.597,155.802,0.874901,326.807,265.464,0.778085,240.669,269.371,0.626439,226.281,409.049,0.789993,0,0,0,416.854,264.12,0.614324,426.031,405.124,0.800244,0,0,0,0,0,0,0,0,0,0,0,0,0,0,0,0,0,0,0,0,0,0,0,0,304.612,138.844,0.897725,338.573,136.26,0.9146,282.395,151.887,0.712072,360.753,144.1,0.783823,0,0,0,0,0,0,0,0,0,0,0,0,0,0,0,0,0,0
321.591,155.805,0.875175,326.815,265.449,0.769264,240.656,269.354,0.612857,225.012,409.048,0.803906,0,0,0,418.142,264.143,0.620875,427.263,405.13,0.79974,0,0,0,0,0,0,0,0,0,0,0,0,0,0,0,0,0,0,0,0,0,0,0,0,304.591,138.849,0.896601,338.574,136.256,0.913239,282.413,151.894,0.709576,360.744,145.347,0.785056,0,0,0,0,0,0,0,0,0,0,0,0,0,0,0,0,0,0
321.587,155.807,0.875716,326.815,265.468,0.7715,239.374,270.643,0.609806,225.023,409.02,0.801251,0,0,0,416.869,264.123,0.625289,427.276,406.392,0.79956,0,0,0,0,0,0,0,0,0,0,0,0,0,0,0,0,0,0,0,0,0,0,0,0,304.604,138.85,0.899524,338.579,136.258,0.911934,282.414,151.9,0.701599,360.757,145.349,0.782722,0,0,0,0,0,0,0,0,0,0,0,0,0,0,0,0,0,0
321.602,155.8,0.870511,326.804,265.439,0.773178,240.637,269.348,0.621383,225.009,409.03,0.800242,0,0,0,416.857,264.117,0.619339,427.271,405.126,0.801912,0,0,0,0,0,0,0,0,0,0,0,0,0,0,0,0,0,0,0,0,0,0,0,0,304.613,138.856,0.898097,338.582,136.254,0.910969,282.41,151.902,0.719187,360.748,145.366,0.780199,0,0,0,0,0,0,0,0,0,0,0,0,0,0,0,0,0,0
321.607,155.802,0.869855,326.81,265.461,0.773658,240.646,269.385,0.618018,225.016,409.023,0.799119,0,0,0,416.873,264.125,0.620384,426.032,405.099,0.801953,0,0,0,0,0,0,0,0,0,0,0,0,0,0,0,0,0,0,0,0,0,0,0,0,304.617,138.858,0.897723,338.585,136.254,0.912622,282.416,151.917,0.71656,360.761,145.353,0.776641,0,0,0,0,0,0,0,0,0,0,0,0,0,0,0,0,0,0
321.604,155.803,0.872814,326.808,265.435,0.775999,240.658,269.351,0.623832,225.002,409.039,0.804404,0,0,0,416.849,262.862,0.619667,427.268,403.811,0.808318,0,0,0,0,0,0,0,0,0,0,0,0,0,0,0,0,0,0,0,0,0,0,0,0,304.605,138.864,0.898905,338.582,136.255,0.912668,282.418,151.915,0.713288,360.761,145.354,0.780375,0,0,0,0,0,0,0,0,0,0,0,0,0,0,0,0,0,0
322.895,155.829,0.868136,326.815,265.452,0.770702,240.629,269.401,0.624762,224.988,409.027,0.79605,0,0,0,416.85,261.56,0.636934,426.018,403.786,0.821514,0,0,0,0,0,0,0,0,0,0,0,0,0,0,0,0,0,0,0,0,0,0,0,0,304.627,138.857,0.902056,338.589,136.254,0.918923,282.416,151.915,0.747286,360.758,144.064,0.776514,0,0,0,0,0,0,0,0,0,0,0,0,0,0,0,0,0,0
322.89,155.829,0.867816,326.821,265.482,0.763163,239.378,270.684,0.622343,224.991,410.313,0.80526,0,0,0,416.863,262.819,0.639459,426.022,402.519,0.825759,0,0,0,0,0,0,0,0,0,0,0,0,0,0,0,0,0,0,0,0,0,0,0,0,304.623,138.859,0.900715,338.589,136.253,0.917801,282.424,151.939,0.734456,360.757,144.075,0.776643,0,0,0,0,0,0,0,0,0,0,0,0,0,0,0,0,0,0
322.879,155.826,0.864468,328.065,265.469,0.771318,240.638,270.667,0.630544,224.979,410.286,0.804749,0,0,0,416.846,261.542,0.638355,426.002,403.771,0.822528,0,0,0,0,0,0,0,0,0,0,0,0,0,0,0,0,0,0,0,0,0,0,0,0,304.622,138.834,0.895829,338.586,136.24,0.913248,282.427,151.922,0.744092,360.766,144.062,0.750965,0,0,0,0,0,0,0,0,0,0,0,0,0,0,0,0,0,0
322.883,155.813,0.866642,326.812,265.474,0.767797,240.637,270.68,0.627217,224.974,410.323,0.805251,0,0,0,416.824,261.552,0.634544,426.004,403.787,0.815173,0,0,0,0,0,0,0,0,0,0,0,0,0,0,0,0,0,0,0,0,0,0,0,0,304.621,138.825,0.894911,338.586,136.23,0.91352,282.417,151.912,0.738317,360.759,142.797,0.760355,0,0,0,0,0,0,0,0,0,0,0,0,0,0,0,0,0,0
322.88,155.805,0.867009,326.823,266.739,0.761549,240.633,270.686,0.626857,224.995,410.298,0.800662,0,0,0,416.826,262.833,0.634344,426.008,403.784,0.812649,0,0,0,0,0,0,0,0,0,0,0,0,0,0,0,0,0,0,0,0,0,0,0,0,304.618,138.834,0.895343,338.574,136.212,0.91475,282.419,151.934,0.746807,360.73,142.81,0.757655,0,0,0,0,0,0,0,0,0,0,0,0,0,0,0,0,0,0
322.867,155.806,0.866127,326.797,266.731,0.756779,239.368,271.95,0.618276,224.999,410.298,0.801139,0,0,0,415.558,262.817,0.636362,426.011,403.791,0.818216,0,0,0,0,0,0,0,0,0,0,0,0,0,0,0,0,0,0,0,0,0,0,0,0,304.599,138.835,0.894135,338.569,136.201,0.913255,282.419,151.943,0.742529,360.729,142.807,0.757282,0,0,0,0,0,0,0,0,0,0,0,0,0,0,0,0,0,0
322.869,155.801,0.865636,326.815,265.484,0.757596,240.639,270.676,0.632052,225.008,409.053,0.799723,0,0,0,415.574,262.819,0.631144,426.022,403.797,0.81883,0,0,0,0,0,0,0,0,0,0,0,0,0,0,0,0,0,0,0,0,0,0,0,0,304.601,138.834,0.893806,338.565,136.214,0.91479,282.423,151.938,0.743747,360.734,142.807,0.759771,0,0,0,0,0,0,0,0,0,0,0,0,0,0,0,0,0,0
322.866,155.799,0.865006,326.807,265.466,0.762764,240.659,269.395,0.623495,225.018,409.02,0.793033,0,0,0,416.831,261.563,0.627468,426.006,403.795,0.815633,0,0,0,0,0,0,0,0,0,0,0,0,0,0,0,0,0,0,0,0,0,0,0,0,304.604,138.838,0.895202,338.567,136.219,0.91427,282.423,151.922,0.745083,360.726,144.058,0.760069,0,0,0,0,0,0,0,0,0,0,0,0,0,0,0,0,0,0
